source_row,inferred_group,outer_fold,split
0,1,0,test
1,1,0,test
2,1,0,test
3,1,0,test
4,1,0,test
5,1,0,test
6,1,0,test
7,1,0,test
8,1,0,test
9,1,0,test
10,1,0,test
11,1,0,test
12,1,0,test
13,1,0,test
14,1,0,test
15,1,0,test
16,1,0,test
17,1,0,test
18,1,0,test
19,1,0,test
20,1,0,test
21,1,0,test
22,1,0,test
23,1,0,test
24,1,0,test
25,2,4,train
26,2,4,train
27,2,4,train
28,2,4,train
29,2,4,train
30,2,4,train
31,2,4,train
32,2,4,train
33,2,4,train
34,2,4,train
35,2,4,train
36,2,4,train
37,2,4,train
38,2,4,train
39,2,4,train
40,2,4,train
41,2,4,train
42,2,4,train
43,2,4,train
44,2,4,train
45,2,4,train
46,3,0,test
47,3,0,test
48,3,0,test
49,3,0,test
50,3,0,test
51,3,0,test
52,3,0,test
53,3,0,test
54,3,0,test
55,3,0,test
56,3,0,test
57,3,0,test
58,3,0,test
59,3,0,test
60,3,0,test
61,3,0,test
62,3,0,test
63,3,0,test
64,3,0,test
65,4,4,train
66,4,4,train
67,4,4,train
68,4,4,train
69,4,4,train
70,4,4,train
71,4,4,train
72,4,4,train
73,4,4,train
74,5,4,train
75,5,4,train
76,5,4,train
77,5,4,train
78,5,4,train
79,5,4,train
80,5,4,train
81,5,4,train
82,5,4,train
83,5,4,train
84,5,4,train
85,6,4,train
86,6,4,train
87,6,4,train
88,6,4,train
89,6,4,train
90,6,4,train
91,6,4,train
92,6,4,train
93,6,4,train
94,6,4,train
95,6,4,train
96,6,4,train
97,7,1,validation
98,7,1,validation
99,7,1,validation
100,7,1,validation
101,7,1,validation
102,7,1,validation
103,7,1,validation
104,7,1,validation
105,7,1,validation
106,7,1,validation
107,7,1,validation
108,7,1,validation
109,7,1,validation
110,7,1,validation
111,7,1,validation
112,7,1,validation
113,7,1,validation
114,8,4,train
115,8,4,train
116,8,4,train
117,8,4,train
118,8,4,train
119,8,4,train
120,8,4,train
121,8,4,train
122,8,4,train
123,8,4,train
124,8,4,train
125,8,4,train
126,8,4,train
127,8,4,train
128,8,4,train
129,8,4,train
130,8,4,train
131,8,4,train
132,8,4,train
133,8,4,train
134,8,4,train
135,8,4,train
136,8,4,train
137,8,4,train
138,9,4,train
139,9,4,train
140,9,4,train
141,9,4,train
142,9,4,train
143,9,4,train
144,9,4,train
145,9,4,train
146,9,4,train
147,9,4,train
148,9,4,train
149,9,4,train
150,9,4,train
151,9,4,train
152,9,4,train
153,9,4,train
154,9,4,train
155,9,4,train
156,9,4,train
157,9,4,train
158,9,4,train
159,9,4,train
160,9,4,train
161,9,4,train
162,9,4,train
163,9,4,train
164,9,4,train
165,9,4,train
166,9,4,train
167,9,4,train
168,9,4,train
169,9,4,train
170,9,4,train
171,9,4,train
172,9,4,train
173,9,4,train
174,9,4,train
175,9,4,train
176,10,3,train
177,10,3,train
178,10,3,train
179,10,3,train
180,10,3,train
181,10,3,train
182,10,3,train
183,10,3,train
184,10,3,train
185,10,3,train
186,10,3,train
187,10,3,train
188,10,3,train
189,10,3,train
190,11,3,train
191,11,3,train
192,11,3,train
193,11,3,train
194,11,3,train
195,11,3,train
196,11,3,train
197,11,3,train
198,11,3,train
199,11,3,train
200,11,3,train
201,11,3,train
202,11,3,train
203,12,2,train
204,12,2,train
205,12,2,train
206,12,2,train
207,12,2,train
208,12,2,train
209,12,2,train
210,12,2,train
211,12,2,train
212,12,2,train
213,12,2,train
214,12,2,train
215,13,0,test
216,13,0,test
217,13,0,test
218,13,0,test
219,13,0,test
220,13,0,test
221,13,0,test
222,13,0,test
223,13,0,test
224,14,1,validation
225,14,1,validation
226,14,1,validation
227,14,1,validation
228,14,1,validation
229,14,1,validation
230,14,1,validation
231,14,1,validation
232,14,1,validation
233,14,1,validation
234,14,1,validation
235,14,1,validation
236,14,1,validation
237,14,1,validation
238,14,1,validation
239,14,1,validation
240,14,1,validation
241,15,4,train
242,15,4,train
243,15,4,train
244,15,4,train
245,15,4,train
246,15,4,train
247,15,4,train
248,15,4,train
249,15,4,train
250,15,4,train
251,15,4,train
252,15,4,train
253,15,4,train
254,15,4,train
255,15,4,train
256,15,4,train
257,15,4,train
258,15,4,train
259,15,4,train
260,16,4,train
261,16,4,train
262,16,4,train
263,16,4,train
264,16,4,train
265,16,4,train
266,16,4,train
267,16,4,train
268,16,4,train
269,16,4,train
270,16,4,train
271,16,4,train
272,16,4,train
273,16,4,train
274,17,2,train
275,17,2,train
276,17,2,train
277,17,2,train
278,17,2,train
279,17,2,train
280,17,2,train
281,17,2,train
282,17,2,train
283,17,2,train
284,17,2,train
285,17,2,train
286,17,2,train
287,17,2,train
288,17,2,train
289,17,2,train
290,17,2,train
291,17,2,train
292,17,2,train
293,17,2,train
294,17,2,train
295,17,2,train
296,18,1,validation
297,18,1,validation
298,18,1,validation
299,18,1,validation
300,18,1,validation
301,18,1,validation
302,18,1,validation
303,18,1,validation
304,18,1,validation
305,18,1,validation
306,18,1,validation
307,18,1,validation
308,18,1,validation
309,18,1,validation
310,18,1,validation
311,19,1,validation
312,19,1,validation
313,19,1,validation
314,19,1,validation
315,19,1,validation
316,19,1,validation
317,19,1,validation
318,19,1,validation
319,19,1,validation
320,19,1,validation
321,19,1,validation
322,19,1,validation
323,19,1,validation
324,19,1,validation
325,19,1,validation
326,19,1,validation
327,19,1,validation
328,19,1,validation
329,19,1,validation
330,19,1,validation
331,19,1,validation
332,20,1,validation
333,20,1,validation
334,20,1,validation
335,20,1,validation
336,20,1,validation
337,20,1,validation
338,20,1,validation
339,20,1,validation
340,20,1,validation
341,20,1,validation
342,20,1,validation
343,20,1,validation
344,20,1,validation
345,20,1,validation
346,20,1,validation
347,20,1,validation
348,20,1,validation
349,20,1,validation
350,21,1,validation
351,21,1,validation
352,21,1,validation
353,21,1,validation
354,21,1,validation
355,21,1,validation
356,21,1,validation
357,21,1,validation
358,21,1,validation
359,21,1,validation
360,21,1,validation
361,21,1,validation
362,22,0,test
363,22,0,test
364,22,0,test
365,22,0,test
366,22,0,test
367,22,0,test
368,22,0,test
369,22,0,test
370,22,0,test
371,22,0,test
372,22,0,test
373,22,0,test
374,22,0,test
375,22,0,test
376,22,0,test
377,22,0,test
378,22,0,test
379,22,0,test
380,22,0,test
381,22,0,test
382,22,0,test
383,22,0,test
384,22,0,test
385,22,0,test
386,22,0,test
387,22,0,test
388,22,0,test
389,22,0,test
390,22,0,test
391,22,0,test
392,22,0,test
393,22,0,test
394,22,0,test
395,22,0,test
396,22,0,test
397,23,3,train
398,23,3,train
399,23,3,train
400,23,3,train
401,23,3,train
402,23,3,train
403,23,3,train
404,23,3,train
405,23,3,train
406,23,3,train
407,23,3,train
408,23,3,train
409,23,3,train
410,24,3,train
411,24,3,train
412,24,3,train
413,24,3,train
414,24,3,train
415,24,3,train
416,24,3,train
417,24,3,train
418,24,3,train
419,24,3,train
420,24,3,train
421,24,3,train
422,24,3,train
423,24,3,train
424,25,0,test
425,25,0,test
426,25,0,test
427,25,0,test
428,25,0,test
429,25,0,test
430,25,0,test
431,25,0,test
432,25,0,test
433,25,0,test
434,25,0,test
435,25,0,test
436,25,0,test
437,25,0,test
438,25,0,test
439,25,0,test
440,25,0,test
441,25,0,test
442,25,0,test
443,26,2,train
444,26,2,train
445,26,2,train
446,26,2,train
447,26,2,train
448,26,2,train
449,26,2,train
450,26,2,train
451,26,2,train
452,26,2,train
453,26,2,train
454,26,2,train
455,26,2,train
456,26,2,train
457,26,2,train
458,26,2,train
459,26,2,train
460,26,2,train
461,26,2,train
462,26,2,train
463,26,2,train
464,26,2,train
465,26,2,train
466,26,2,train
467,26,2,train
468,26,2,train
469,26,2,train
470,26,2,train
471,27,0,test
472,27,0,test
473,27,0,test
474,27,0,test
475,27,0,test
476,27,0,test
477,27,0,test
478,27,0,test
479,27,0,test
480,27,0,test
481,27,0,test
482,27,0,test
483,27,0,test
484,27,0,test
485,27,0,test
486,27,0,test
487,27,0,test
488,28,4,train
489,28,4,train
490,28,4,train
491,28,4,train
492,28,4,train
493,28,4,train
494,28,4,train
495,28,4,train
496,28,4,train
497,28,4,train
498,28,4,train
499,28,4,train
500,28,4,train
501,28,4,train
502,28,4,train
503,28,4,train
504,28,4,train
505,28,4,train
506,28,4,train
507,29,0,test
508,29,0,test
509,29,0,test
510,29,0,test
511,29,0,test
512,29,0,test
513,29,0,test
514,29,0,test
515,29,0,test
516,29,0,test
517,29,0,test
518,29,0,test
519,29,0,test
520,29,0,test
521,29,0,test
522,29,0,test
523,29,0,test
524,29,0,test
525,29,0,test
526,29,0,test
527,30,1,validation
528,30,1,validation
529,30,1,validation
530,30,1,validation
531,30,1,validation
532,30,1,validation
533,30,1,validation
534,30,1,validation
535,30,1,validation
536,30,1,validation
537,30,1,validation
538,30,1,validation
539,30,1,validation
540,30,1,validation
541,30,1,validation
542,30,1,validation
543,30,1,validation
544,31,2,train
545,31,2,train
546,31,2,train
547,31,2,train
548,31,2,train
549,31,2,train
550,31,2,train
551,31,2,train
552,31,2,train
553,31,2,train
554,31,2,train
555,31,2,train
556,31,2,train
557,31,2,train
558,31,2,train
559,31,2,train
560,31,2,train
561,31,2,train
562,31,2,train
563,31,2,train
564,31,2,train
565,31,2,train
566,31,2,train
567,32,4,train
568,32,4,train
569,32,4,train
570,32,4,train
571,32,4,train
572,32,4,train
573,32,4,train
574,32,4,train
575,32,4,train
576,32,4,train
577,32,4,train
578,32,4,train
579,32,4,train
580,32,4,train
581,32,4,train
582,32,4,train
583,32,4,train
584,32,4,train
585,32,4,train
586,32,4,train
587,32,4,train
588,32,4,train
589,32,4,train
590,32,4,train
591,33,4,train
592,33,4,train
593,33,4,train
594,33,4,train
595,33,4,train
596,33,4,train
597,33,4,train
598,33,4,train
599,33,4,train
600,33,4,train
601,33,4,train
602,33,4,train
603,33,4,train
604,33,4,train
605,33,4,train
606,33,4,train
607,33,4,train
608,33,4,train
609,33,4,train
610,33,4,train
611,33,4,train
612,33,4,train
613,33,4,train
614,34,1,validation
615,34,1,validation
616,34,1,validation
617,34,1,validation
618,34,1,validation
619,34,1,validation
620,34,1,validation
621,34,1,validation
622,34,1,validation
623,34,1,validation
624,34,1,validation
625,34,1,validation
626,35,3,train
627,35,3,train
628,35,3,train
629,35,3,train
630,35,3,train
631,35,3,train
632,35,3,train
633,35,3,train
634,35,3,train
635,35,3,train
636,35,3,train
637,35,3,train
638,35,3,train
639,35,3,train
640,35,3,train
641,35,3,train
642,35,3,train
643,35,3,train
644,35,3,train
645,35,3,train
646,35,3,train
647,35,3,train
648,35,3,train
649,36,3,train
650,36,3,train
651,36,3,train
652,36,3,train
653,36,3,train
654,36,3,train
655,36,3,train
656,36,3,train
657,36,3,train
658,36,3,train
659,36,3,train
660,37,3,train
661,37,3,train
662,37,3,train
663,37,3,train
664,37,3,train
665,37,3,train
666,37,3,train
667,37,3,train
668,37,3,train
669,37,3,train
670,37,3,train
671,37,3,train
672,37,3,train
673,37,3,train
674,37,3,train
675,37,3,train
676,37,3,train
677,37,3,train
678,38,3,train
679,38,3,train
680,38,3,train
681,38,3,train
682,38,3,train
683,38,3,train
684,38,3,train
685,38,3,train
686,38,3,train
687,38,3,train
688,38,3,train
689,38,3,train
690,39,1,validation
691,39,1,validation
692,39,1,validation
693,39,1,validation
694,39,1,validation
695,39,1,validation
696,39,1,validation
697,39,1,validation
698,39,1,validation
699,39,1,validation
700,39,1,validation
701,39,1,validation
702,39,1,validation
703,39,1,validation
704,39,1,validation
705,39,1,validation
706,39,1,validation
707,39,1,validation
708,39,1,validation
709,39,1,validation
710,39,1,validation
711,39,1,validation
712,39,1,validation
713,39,1,validation
714,39,1,validation
715,39,1,validation
716,39,1,validation
717,40,4,train
718,40,4,train
719,40,4,train
720,40,4,train
721,40,4,train
722,40,4,train
723,40,4,train
724,40,4,train
725,40,4,train
726,40,4,train
727,40,4,train
728,40,4,train
729,41,2,train
730,41,2,train
731,41,2,train
732,41,2,train
733,41,2,train
734,41,2,train
735,41,2,train
736,41,2,train
737,41,2,train
738,41,2,train
739,41,2,train
740,41,2,train
741,41,2,train
742,41,2,train
743,41,2,train
744,41,2,train
745,41,2,train
746,41,2,train
747,41,2,train
748,41,2,train
749,41,2,train
750,41,2,train
751,41,2,train
752,41,2,train
753,41,2,train
754,41,2,train
755,41,2,train
756,41,2,train
757,41,2,train
758,41,2,train
759,41,2,train
760,41,2,train
761,41,2,train
762,41,2,train
763,41,2,train
764,41,2,train
765,41,2,train
766,41,2,train
767,41,2,train
768,41,2,train
769,41,2,train
770,41,2,train
771,41,2,train
772,41,2,train
773,41,2,train
774,41,2,train
775,41,2,train
776,42,3,train
777,42,3,train
778,42,3,train
779,42,3,train
780,42,3,train
781,42,3,train
782,42,3,train
783,42,3,train
784,42,3,train
785,42,3,train
786,42,3,train
787,42,3,train
788,42,3,train
789,42,3,train
790,42,3,train
791,43,4,train
792,43,4,train
793,43,4,train
794,43,4,train
795,43,4,train
796,43,4,train
797,43,4,train
798,43,4,train
799,43,4,train
800,43,4,train
801,43,4,train
802,43,4,train
803,43,4,train
804,43,4,train
805,43,4,train
806,43,4,train
807,44,4,train
808,44,4,train
809,44,4,train
810,44,4,train
811,44,4,train
812,44,4,train
813,44,4,train
814,44,4,train
815,45,1,validation
816,45,1,validation
817,45,1,validation
818,45,1,validation
819,45,1,validation
820,45,1,validation
821,45,1,validation
822,45,1,validation
823,45,1,validation
824,45,1,validation
825,45,1,validation
826,45,1,validation
827,45,1,validation
828,45,1,validation
829,45,1,validation
830,46,3,train
831,46,3,train
832,46,3,train
833,46,3,train
834,46,3,train
835,46,3,train
836,46,3,train
837,46,3,train
838,46,3,train
839,46,3,train
840,46,3,train
841,46,3,train
842,47,1,validation
843,47,1,validation
844,47,1,validation
845,47,1,validation
846,47,1,validation
847,47,1,validation
848,47,1,validation
849,47,1,validation
850,48,2,train
851,48,2,train
852,48,2,train
853,48,2,train
854,48,2,train
855,48,2,train
856,48,2,train
857,48,2,train
858,48,2,train
859,48,2,train
860,48,2,train
861,48,2,train
862,48,2,train
863,48,2,train
864,48,2,train
865,48,2,train
866,48,2,train
867,49,1,validation
868,49,1,validation
869,49,1,validation
870,49,1,validation
871,49,1,validation
872,49,1,validation
873,49,1,validation
874,49,1,validation
875,49,1,validation
876,49,1,validation
877,49,1,validation
878,49,1,validation
879,49,1,validation
880,49,1,validation
881,49,1,validation
882,49,1,validation
883,49,1,validation
884,49,1,validation
885,49,1,validation
886,49,1,validation
887,49,1,validation
888,49,1,validation
889,49,1,validation
890,49,1,validation
891,49,1,validation
892,49,1,validation
893,49,1,validation
894,49,1,validation
895,49,1,validation
896,50,4,train
897,50,4,train
898,50,4,train
899,50,4,train
900,50,4,train
901,50,4,train
902,50,4,train
903,50,4,train
904,50,4,train
905,50,4,train
906,50,4,train
907,50,4,train
908,50,4,train
909,50,4,train
910,50,4,train
911,50,4,train
912,50,4,train
913,50,4,train
914,50,4,train
915,50,4,train
916,50,4,train
917,50,4,train
918,51,4,train
919,51,4,train
920,51,4,train
921,51,4,train
922,51,4,train
923,51,4,train
924,51,4,train
925,51,4,train
926,51,4,train
927,51,4,train
928,51,4,train
929,51,4,train
930,51,4,train
931,51,4,train
932,51,4,train
933,51,4,train
934,51,4,train
935,51,4,train
936,51,4,train
937,51,4,train
938,51,4,train
939,51,4,train
940,51,4,train
941,51,4,train
942,51,4,train
943,51,4,train
944,51,4,train
945,51,4,train
946,51,4,train
947,51,4,train
948,52,2,train
949,52,2,train
950,52,2,train
951,52,2,train
952,52,2,train
953,52,2,train
954,52,2,train
955,52,2,train
956,52,2,train
957,52,2,train
958,52,2,train
959,52,2,train
960,52,2,train
961,52,2,train
962,52,2,train
963,52,2,train
964,52,2,train
965,52,2,train
966,52,2,train
967,53,4,train
968,53,4,train
969,53,4,train
970,53,4,train
971,53,4,train
972,53,4,train
973,53,4,train
974,53,4,train
975,53,4,train
976,53,4,train
977,53,4,train
978,53,4,train
979,53,4,train
980,53,4,train
981,53,4,train
982,53,4,train
983,53,4,train
984,53,4,train
985,53,4,train
986,53,4,train
987,53,4,train
988,53,4,train
989,53,4,train
990,53,4,train
991,54,3,train
992,54,3,train
993,54,3,train
994,54,3,train
995,54,3,train
996,54,3,train
997,54,3,train
998,54,3,train
999,54,3,train
1000,54,3,train
1001,54,3,train
1002,54,3,train
1003,54,3,train
1004,54,3,train
1005,54,3,train
1006,54,3,train
1007,54,3,train
1008,54,3,train
1009,54,3,train
1010,54,3,train
1011,54,3,train
1012,55,4,train
1013,55,4,train
1014,55,4,train
1015,55,4,train
1016,55,4,train
1017,55,4,train
1018,55,4,train
1019,55,4,train
1020,55,4,train
1021,55,4,train
1022,55,4,train
1023,55,4,train
1024,55,4,train
1025,55,4,train
1026,55,4,train
1027,55,4,train
1028,55,4,train
1029,56,4,train
1030,56,4,train
1031,56,4,train
1032,56,4,train
1033,56,4,train
1034,56,4,train
1035,56,4,train
1036,56,4,train
1037,56,4,train
1038,56,4,train
1039,56,4,train
1040,56,4,train
1041,56,4,train
1042,56,4,train
1043,56,4,train
1044,56,4,train
1045,56,4,train
1046,56,4,train
1047,56,4,train
1048,56,4,train
1049,56,4,train
1050,56,4,train
1051,56,4,train
1052,56,4,train
1053,56,4,train
1054,56,4,train
1055,56,4,train
1056,56,4,train
1057,56,4,train
1058,56,4,train
1059,56,4,train
1060,56,4,train
1061,57,4,train
1062,57,4,train
1063,57,4,train
1064,57,4,train
1065,57,4,train
1066,57,4,train
1067,57,4,train
1068,57,4,train
1069,57,4,train
1070,57,4,train
1071,57,4,train
1072,57,4,train
1073,57,4,train
1074,57,4,train
1075,57,4,train
1076,57,4,train
1077,57,4,train
1078,57,4,train
1079,57,4,train
1080,57,4,train
1081,58,2,train
1082,58,2,train
1083,58,2,train
1084,58,2,train
1085,58,2,train
1086,58,2,train
1087,58,2,train
1088,58,2,train
1089,58,2,train
1090,58,2,train
1091,58,2,train
1092,58,2,train
1093,58,2,train
1094,58,2,train
1095,58,2,train
1096,58,2,train
1097,58,2,train
1098,58,2,train
1099,58,2,train
1100,58,2,train
1101,58,2,train
1102,58,2,train
1103,58,2,train
1104,58,2,train
1105,58,2,train
1106,58,2,train
1107,59,4,train
1108,59,4,train
1109,59,4,train
1110,59,4,train
1111,59,4,train
1112,59,4,train
1113,59,4,train
1114,59,4,train
1115,59,4,train
1116,59,4,train
1117,59,4,train
1118,59,4,train
1119,59,4,train
1120,59,4,train
1121,59,4,train
1122,60,2,train
1123,60,2,train
1124,60,2,train
1125,60,2,train
1126,60,2,train
1127,60,2,train
1128,60,2,train
1129,60,2,train
1130,60,2,train
1131,60,2,train
1132,60,2,train
1133,60,2,train
1134,60,2,train
1135,61,2,train
1136,61,2,train
1137,61,2,train
1138,61,2,train
1139,61,2,train
1140,61,2,train
1141,61,2,train
1142,61,2,train
1143,61,2,train
1144,61,2,train
1145,61,2,train
1146,61,2,train
1147,61,2,train
1148,61,2,train
1149,61,2,train
1150,61,2,train
1151,61,2,train
1152,61,2,train
1153,61,2,train
1154,61,2,train
1155,61,2,train
1156,61,2,train
1157,61,2,train
1158,61,2,train
1159,61,2,train
1160,61,2,train
1161,61,2,train
1162,61,2,train
1163,61,2,train
1164,61,2,train
1165,61,2,train
1166,61,2,train
1167,61,2,train
1168,61,2,train
1169,61,2,train
1170,62,3,train
1171,62,3,train
1172,62,3,train
1173,62,3,train
1174,62,3,train
1175,62,3,train
1176,62,3,train
1177,62,3,train
1178,63,2,train
1179,63,2,train
1180,63,2,train
1181,63,2,train
1182,63,2,train
1183,63,2,train
1184,63,2,train
1185,63,2,train
1186,63,2,train
1187,63,2,train
1188,63,2,train
1189,63,2,train
1190,63,2,train
1191,64,3,train
1192,64,3,train
1193,64,3,train
1194,64,3,train
1195,64,3,train
1196,64,3,train
1197,64,3,train
1198,64,3,train
1199,64,3,train
1200,64,3,train
1201,64,3,train
1202,64,3,train
1203,64,3,train
1204,64,3,train
1205,64,3,train
1206,64,3,train
1207,64,3,train
1208,65,2,train
1209,65,2,train
1210,65,2,train
1211,65,2,train
1212,65,2,train
1213,65,2,train
1214,65,2,train
1215,65,2,train
1216,65,2,train
1217,65,2,train
1218,66,3,train
1219,66,3,train
1220,66,3,train
1221,66,3,train
1222,66,3,train
1223,66,3,train
1224,66,3,train
1225,66,3,train
1226,66,3,train
1227,66,3,train
1228,66,3,train
1229,66,3,train
1230,66,3,train
1231,66,3,train
1232,66,3,train
1233,66,3,train
1234,66,3,train
1235,66,3,train
1236,66,3,train
1237,66,3,train
1238,66,3,train
1239,66,3,train
1240,66,3,train
1241,66,3,train
1242,66,3,train
1243,66,3,train
1244,66,3,train
1245,66,3,train
1246,66,3,train
1247,66,3,train
1248,66,3,train
1249,66,3,train
1250,66,3,train
1251,66,3,train
1252,66,3,train
1253,66,3,train
1254,67,0,test
1255,67,0,test
1256,67,0,test
1257,67,0,test
1258,67,0,test
1259,67,0,test
1260,67,0,test
1261,67,0,test
1262,67,0,test
1263,67,0,test
1264,67,0,test
1265,67,0,test
1266,67,0,test
1267,67,0,test
1268,67,0,test
1269,68,1,validation
1270,68,1,validation
1271,68,1,validation
1272,68,1,validation
1273,68,1,validation
1274,68,1,validation
1275,68,1,validation
1276,68,1,validation
1277,68,1,validation
1278,68,1,validation
1279,68,1,validation
1280,68,1,validation
1281,68,1,validation
1282,68,1,validation
1283,68,1,validation
1284,68,1,validation
1285,68,1,validation
1286,69,0,test
1287,69,0,test
1288,69,0,test
1289,69,0,test
1290,69,0,test
1291,69,0,test
1292,69,0,test
1293,69,0,test
1294,69,0,test
1295,69,0,test
1296,69,0,test
1297,70,4,train
1298,70,4,train
1299,70,4,train
1300,70,4,train
1301,70,4,train
1302,70,4,train
1303,70,4,train
1304,70,4,train
1305,70,4,train
1306,70,4,train
1307,70,4,train
1308,70,4,train
1309,70,4,train
1310,70,4,train
1311,70,4,train
1312,70,4,train
1313,70,4,train
1314,70,4,train
1315,70,4,train
1316,70,4,train
1317,70,4,train
1318,70,4,train
1319,70,4,train
1320,70,4,train
1321,70,4,train
1322,70,4,train
1323,70,4,train
1324,71,1,validation
1325,71,1,validation
1326,71,1,validation
1327,71,1,validation
1328,71,1,validation
1329,71,1,validation
1330,71,1,validation
1331,71,1,validation
1332,71,1,validation
1333,72,3,train
1334,72,3,train
1335,72,3,train
1336,72,3,train
1337,72,3,train
1338,72,3,train
1339,72,3,train
1340,72,3,train
1341,72,3,train
1342,72,3,train
1343,72,3,train
1344,72,3,train
1345,72,3,train
1346,73,0,test
1347,73,0,test
1348,73,0,test
1349,73,0,test
1350,73,0,test
1351,73,0,test
1352,73,0,test
1353,73,0,test
1354,73,0,test
1355,73,0,test
1356,73,0,test
1357,73,0,test
1358,73,0,test
1359,73,0,test
1360,73,0,test
1361,73,0,test
1362,73,0,test
1363,73,0,test
1364,73,0,test
1365,73,0,test
1366,73,0,test
1367,73,0,test
1368,73,0,test
1369,73,0,test
1370,73,0,test
1371,74,2,train
1372,74,2,train
1373,74,2,train
1374,74,2,train
1375,74,2,train
1376,74,2,train
1377,74,2,train
1378,74,2,train
1379,74,2,train
1380,74,2,train
1381,74,2,train
1382,74,2,train
1383,74,2,train
1384,74,2,train
1385,74,2,train
1386,74,2,train
1387,74,2,train
1388,74,2,train
1389,74,2,train
1390,74,2,train
1391,74,2,train
1392,74,2,train
1393,74,2,train
1394,74,2,train
1395,74,2,train
1396,75,0,test
1397,75,0,test
1398,75,0,test
1399,75,0,test
1400,75,0,test
1401,75,0,test
1402,75,0,test
1403,75,0,test
1404,75,0,test
1405,75,0,test
1406,75,0,test
1407,75,0,test
1408,75,0,test
1409,75,0,test
1410,75,0,test
1411,75,0,test
1412,75,0,test
1413,75,0,test
1414,75,0,test
1415,75,0,test
1416,75,0,test
1417,75,0,test
1418,75,0,test
1419,75,0,test
1420,75,0,test
1421,75,0,test
1422,75,0,test
1423,75,0,test
1424,75,0,test
1425,75,0,test
1426,75,0,test
1427,75,0,test
1428,75,0,test
1429,76,0,test
1430,76,0,test
1431,76,0,test
1432,76,0,test
1433,76,0,test
1434,76,0,test
1435,76,0,test
1436,77,0,test
1437,77,0,test
1438,77,0,test
1439,77,0,test
1440,77,0,test
1441,77,0,test
1442,77,0,test
1443,77,0,test
1444,77,0,test
1445,77,0,test
1446,77,0,test
1447,77,0,test
1448,77,0,test
1449,78,1,validation
1450,78,1,validation
1451,78,1,validation
1452,78,1,validation
1453,78,1,validation
1454,78,1,validation
1455,78,1,validation
1456,78,1,validation
1457,78,1,validation
1458,78,1,validation
1459,78,1,validation
1460,78,1,validation
1461,78,1,validation
1462,78,1,validation
1463,78,1,validation
1464,78,1,validation
1465,78,1,validation
1466,78,1,validation
1467,78,1,validation
1468,78,1,validation
1469,78,1,validation
1470,78,1,validation
1471,78,1,validation
1472,78,1,validation
1473,78,1,validation
1474,78,1,validation
1475,78,1,validation
1476,78,1,validation
1477,79,4,train
1478,79,4,train
1479,79,4,train
1480,79,4,train
1481,79,4,train
1482,79,4,train
1483,79,4,train
1484,79,4,train
1485,79,4,train
1486,79,4,train
1487,79,4,train
1488,79,4,train
1489,79,4,train
1490,79,4,train
1491,79,4,train
1492,79,4,train
1493,79,4,train
1494,80,1,validation
1495,80,1,validation
1496,80,1,validation
1497,80,1,validation
1498,80,1,validation
1499,80,1,validation
1500,80,1,validation
1501,80,1,validation
1502,80,1,validation
1503,80,1,validation
1504,80,1,validation
1505,80,1,validation
1506,80,1,validation
1507,80,1,validation
1508,80,1,validation
1509,81,2,train
1510,82,0,test
1511,82,0,test
1512,82,0,test
1513,82,0,test
1514,82,0,test
1515,82,0,test
1516,82,0,test
1517,82,0,test
1518,82,0,test
1519,82,0,test
1520,82,0,test
1521,82,0,test
1522,82,0,test
1523,82,0,test
1524,82,0,test
1525,82,0,test
1526,82,0,test
1527,82,0,test
1528,83,3,train
1529,83,3,train
1530,83,3,train
1531,83,3,train
1532,83,3,train
1533,83,3,train
1534,83,3,train
1535,83,3,train
1536,83,3,train
1537,83,3,train
1538,83,3,train
1539,83,3,train
1540,83,3,train
1541,83,3,train
1542,83,3,train
1543,83,3,train
1544,83,3,train
1545,83,3,train
1546,83,3,train
1547,83,3,train
1548,83,3,train
1549,83,3,train
1550,83,3,train
1551,83,3,train
1552,83,3,train
1553,83,3,train
1554,83,3,train
1555,83,3,train
1556,83,3,train
1557,83,3,train
1558,83,3,train
1559,83,3,train
1560,83,3,train
1561,83,3,train
1562,83,3,train
1563,83,3,train
1564,83,3,train
1565,83,3,train
1566,83,3,train
1567,84,0,test
1568,84,0,test
1569,84,0,test
1570,84,0,test
1571,84,0,test
1572,84,0,test
1573,84,0,test
1574,84,0,test
1575,84,0,test
1576,84,0,test
1577,84,0,test
1578,84,0,test
1579,84,0,test
1580,84,0,test
1581,84,0,test
1582,84,0,test
1583,84,0,test
1584,84,0,test
1585,84,0,test
1586,84,0,test
1587,84,0,test
1588,84,0,test
1589,84,0,test
1590,84,0,test
1591,84,0,test
1592,84,0,test
1593,84,0,test
1594,84,0,test
1595,84,0,test
1596,84,0,test
1597,84,0,test
1598,85,0,test
1599,85,0,test
1600,85,0,test
1601,85,0,test
1602,85,0,test
1603,85,0,test
1604,85,0,test
1605,85,0,test
1606,85,0,test
1607,85,0,test
1608,85,0,test
1609,85,0,test
1610,85,0,test
1611,85,0,test
1612,85,0,test
1613,85,0,test
1614,85,0,test
1615,85,0,test
1616,85,0,test
1617,85,0,test
1618,85,0,test
1619,85,0,test
1620,85,0,test
1621,85,0,test
1622,85,0,test
1623,85,0,test
1624,85,0,test
1625,86,1,validation
1626,86,1,validation
1627,86,1,validation
1628,86,1,validation
1629,86,1,validation
1630,86,1,validation
1631,86,1,validation
1632,86,1,validation
1633,86,1,validation
1634,86,1,validation
1635,86,1,validation
1636,86,1,validation
1637,86,1,validation
1638,86,1,validation
1639,86,1,validation
1640,86,1,validation
1641,86,1,validation
1642,86,1,validation
1643,86,1,validation
1644,86,1,validation
1645,86,1,validation
1646,86,1,validation
1647,86,1,validation
1648,86,1,validation
1649,86,1,validation
1650,86,1,validation
1651,86,1,validation
1652,86,1,validation
1653,86,1,validation
1654,86,1,validation
1655,86,1,validation
1656,86,1,validation
1657,86,1,validation
1658,86,1,validation
1659,86,1,validation
1660,86,1,validation
1661,86,1,validation
1662,86,1,validation
1663,87,0,test
1664,87,0,test
1665,87,0,test
1666,87,0,test
1667,87,0,test
1668,87,0,test
1669,87,0,test
1670,87,0,test
1671,87,0,test
1672,87,0,test
1673,87,0,test
1674,87,0,test
1675,87,0,test
1676,87,0,test
1677,87,0,test
1678,87,0,test
1679,88,3,train
1680,88,3,train
1681,88,3,train
1682,88,3,train
1683,88,3,train
1684,88,3,train
1685,88,3,train
1686,88,3,train
1687,88,3,train
1688,88,3,train
1689,88,3,train
1690,88,3,train
1691,88,3,train
1692,88,3,train
1693,88,3,train
1694,88,3,train
1695,88,3,train
1696,89,2,train
1697,89,2,train
1698,89,2,train
1699,89,2,train
1700,89,2,train
1701,89,2,train
1702,89,2,train
1703,89,2,train
1704,89,2,train
1705,89,2,train
1706,89,2,train
1707,89,2,train
1708,89,2,train
1709,90,2,train
1710,90,2,train
1711,90,2,train
1712,90,2,train
1713,90,2,train
1714,90,2,train
1715,90,2,train
1716,90,2,train
1717,90,2,train
1718,90,2,train
1719,90,2,train
1720,90,2,train
1721,90,2,train
1722,90,2,train
1723,90,2,train
1724,90,2,train
1725,90,2,train
1726,91,1,validation
1727,91,1,validation
1728,91,1,validation
1729,91,1,validation
1730,91,1,validation
1731,91,1,validation
1732,91,1,validation
1733,91,1,validation
1734,91,1,validation
1735,91,1,validation
1736,91,1,validation
1737,91,1,validation
1738,91,1,validation
1739,92,3,train
1740,92,3,train
1741,92,3,train
1742,92,3,train
1743,92,3,train
1744,92,3,train
1745,92,3,train
1746,92,3,train
1747,93,4,train
1748,93,4,train
1749,93,4,train
1750,93,4,train
1751,93,4,train
1752,93,4,train
1753,93,4,train
1754,93,4,train
1755,93,4,train
1756,93,4,train
1757,94,0,test
1758,94,0,test
1759,94,0,test
1760,94,0,test
1761,94,0,test
1762,94,0,test
1763,94,0,test
1764,95,0,test
1765,95,0,test
1766,95,0,test
1767,95,0,test
1768,95,0,test
1769,95,0,test
1770,95,0,test
1771,95,0,test
1772,95,0,test
1773,95,0,test
1774,96,2,train
1775,96,2,train
1776,96,2,train
1777,96,2,train
1778,96,2,train
1779,96,2,train
1780,96,2,train
1781,96,2,train
1782,96,2,train
1783,96,2,train
1784,96,2,train
1785,96,2,train
1786,96,2,train
1787,96,2,train
1788,96,2,train
1789,96,2,train
1790,97,3,train
1791,97,3,train
1792,97,3,train
1793,97,3,train
1794,97,3,train
1795,97,3,train
1796,97,3,train
1797,97,3,train
1798,97,3,train
1799,97,3,train
1800,97,3,train
1801,97,3,train
1802,98,3,train
1803,98,3,train
1804,98,3,train
1805,98,3,train
1806,98,3,train
1807,98,3,train
1808,98,3,train
1809,98,3,train
1810,98,3,train
1811,98,3,train
1812,98,3,train
1813,98,3,train
1814,98,3,train
1815,98,3,train
1816,98,3,train
1817,98,3,train
1818,98,3,train
1819,98,3,train
1820,98,3,train
1821,98,3,train
1822,98,3,train
1823,98,3,train
1824,98,3,train
1825,98,3,train
1826,99,0,test
1827,99,0,test
1828,99,0,test
1829,99,0,test
1830,99,0,test
1831,99,0,test
1832,99,0,test
1833,99,0,test
1834,99,0,test
1835,99,0,test
1836,99,0,test
1837,99,0,test
1838,99,0,test
1839,99,0,test
1840,100,4,train
1841,100,4,train
1842,100,4,train
1843,100,4,train
1844,100,4,train
1845,100,4,train
1846,100,4,train
1847,100,4,train
1848,100,4,train
1849,100,4,train
1850,100,4,train
1851,100,4,train
1852,100,4,train
1853,100,4,train
1854,100,4,train
1855,100,4,train
1856,100,4,train
1857,100,4,train
1858,100,4,train
1859,100,4,train
1860,101,2,train
1861,101,2,train
1862,101,2,train
1863,101,2,train
1864,101,2,train
1865,101,2,train
1866,101,2,train
1867,102,3,train
1868,102,3,train
1869,102,3,train
1870,102,3,train
1871,102,3,train
1872,102,3,train
1873,102,3,train
1874,102,3,train
1875,102,3,train
1876,102,3,train
1877,102,3,train
1878,102,3,train
1879,102,3,train
1880,102,3,train
1881,102,3,train
1882,102,3,train
1883,102,3,train
1884,102,3,train
1885,103,0,test
1886,103,0,test
1887,103,0,test
1888,103,0,test
1889,103,0,test
1890,103,0,test
1891,103,0,test
1892,103,0,test
1893,103,0,test
1894,103,0,test
1895,103,0,test
1896,103,0,test
1897,103,0,test
1898,103,0,test
1899,104,2,train
1900,104,2,train
1901,104,2,train
1902,104,2,train
1903,104,2,train
1904,104,2,train
1905,104,2,train
1906,104,2,train
1907,104,2,train
1908,104,2,train
1909,104,2,train
1910,104,2,train
1911,104,2,train
1912,104,2,train
1913,104,2,train
1914,104,2,train
1915,104,2,train
1916,104,2,train
1917,104,2,train
1918,104,2,train
1919,104,2,train
1920,104,2,train
1921,104,2,train
1922,104,2,train
1923,104,2,train
1924,104,2,train
1925,104,2,train
1926,104,2,train
1927,105,4,train
1928,105,4,train
1929,105,4,train
1930,105,4,train
1931,105,4,train
1932,105,4,train
1933,105,4,train
1934,105,4,train
1935,105,4,train
1936,105,4,train
1937,105,4,train
1938,105,4,train
1939,105,4,train
1940,105,4,train
1941,105,4,train
1942,105,4,train
1943,105,4,train
1944,105,4,train
1945,105,4,train
1946,105,4,train
1947,105,4,train
1948,106,4,train
1949,106,4,train
1950,106,4,train
1951,106,4,train
1952,106,4,train
1953,106,4,train
1954,106,4,train
1955,106,4,train
1956,106,4,train
1957,106,4,train
1958,106,4,train
1959,106,4,train
1960,107,4,train
1961,107,4,train
1962,107,4,train
1963,107,4,train
1964,107,4,train
1965,107,4,train
1966,107,4,train
1967,107,4,train
1968,107,4,train
1969,107,4,train
1970,107,4,train
1971,107,4,train
1972,107,4,train
1973,107,4,train
1974,107,4,train
1975,107,4,train
1976,107,4,train
1977,107,4,train
1978,107,4,train
1979,107,4,train
1980,107,4,train
1981,107,4,train
1982,107,4,train
1983,107,4,train
1984,108,2,train
1985,108,2,train
1986,108,2,train
1987,108,2,train
1988,108,2,train
1989,108,2,train
1990,108,2,train
1991,108,2,train
1992,108,2,train
1993,108,2,train
1994,108,2,train
1995,108,2,train
1996,108,2,train
1997,109,1,validation
1998,109,1,validation
1999,109,1,validation
2000,109,1,validation
2001,109,1,validation
2002,109,1,validation
2003,109,1,validation
2004,109,1,validation
2005,109,1,validation
2006,109,1,validation
2007,110,3,train
2008,110,3,train
2009,110,3,train
2010,110,3,train
2011,110,3,train
2012,110,3,train
2013,110,3,train
2014,110,3,train
2015,110,3,train
2016,110,3,train
2017,110,3,train
2018,110,3,train
2019,111,1,validation
2020,111,1,validation
2021,111,1,validation
2022,111,1,validation
2023,111,1,validation
2024,111,1,validation
2025,111,1,validation
2026,111,1,validation
2027,111,1,validation
2028,111,1,validation
2029,111,1,validation
2030,111,1,validation
2031,111,1,validation
2032,111,1,validation
2033,111,1,validation
2034,111,1,validation
2035,111,1,validation
2036,111,1,validation
2037,111,1,validation
2038,111,1,validation
2039,111,1,validation
2040,111,1,validation
2041,111,1,validation
2042,111,1,validation
2043,111,1,validation
2044,111,1,validation
2045,111,1,validation
2046,111,1,validation
2047,111,1,validation
2048,111,1,validation
2049,111,1,validation
2050,111,1,validation
2051,111,1,validation
2052,111,1,validation
2053,111,1,validation
2054,111,1,validation
2055,111,1,validation
2056,111,1,validation
2057,112,0,test
2058,112,0,test
2059,112,0,test
2060,112,0,test
2061,112,0,test
2062,112,0,test
2063,112,0,test
2064,112,0,test
2065,112,0,test
2066,112,0,test
2067,112,0,test
2068,112,0,test
2069,112,0,test
2070,112,0,test
2071,112,0,test
2072,112,0,test
2073,112,0,test
2074,112,0,test
2075,112,0,test
2076,112,0,test
2077,112,0,test
2078,112,0,test
2079,112,0,test
2080,112,0,test
2081,112,0,test
2082,112,0,test
2083,112,0,test
2084,112,0,test
2085,112,0,test
2086,112,0,test
2087,112,0,test
2088,112,0,test
2089,112,0,test
2090,112,0,test
2091,112,0,test
2092,112,0,test
2093,113,0,test
2094,113,0,test
2095,113,0,test
2096,113,0,test
2097,113,0,test
2098,113,0,test
2099,113,0,test
2100,113,0,test
2101,113,0,test
2102,113,0,test
2103,113,0,test
2104,113,0,test
2105,113,0,test
2106,113,0,test
2107,114,3,train
2108,114,3,train
2109,114,3,train
2110,114,3,train
2111,114,3,train
2112,114,3,train
2113,114,3,train
2114,114,3,train
2115,114,3,train
2116,115,3,train
2117,115,3,train
2118,115,3,train
2119,115,3,train
2120,115,3,train
2121,115,3,train
2122,115,3,train
2123,115,3,train
2124,115,3,train
2125,115,3,train
2126,115,3,train
2127,115,3,train
2128,115,3,train
2129,115,3,train
2130,115,3,train
2131,115,3,train
2132,115,3,train
2133,115,3,train
2134,115,3,train
2135,115,3,train
2136,116,0,test
2137,116,0,test
2138,116,0,test
2139,116,0,test
2140,116,0,test
2141,116,0,test
2142,116,0,test
2143,116,0,test
2144,116,0,test
2145,116,0,test
2146,116,0,test
2147,116,0,test
2148,116,0,test
2149,116,0,test
2150,116,0,test
2151,116,0,test
2152,116,0,test
2153,116,0,test
2154,117,2,train
2155,117,2,train
2156,117,2,train
2157,118,2,train
2158,118,2,train
2159,118,2,train
2160,118,2,train
2161,118,2,train
2162,118,2,train
2163,118,2,train
2164,118,2,train
2165,118,2,train
2166,118,2,train
2167,118,2,train
2168,118,2,train
2169,118,2,train
2170,119,0,test
2171,119,0,test
2172,119,0,test
2173,119,0,test
2174,119,0,test
2175,119,0,test
2176,119,0,test
2177,119,0,test
2178,120,1,validation
2179,120,1,validation
2180,120,1,validation
2181,120,1,validation
2182,120,1,validation
2183,120,1,validation
2184,120,1,validation
2185,120,1,validation
2186,120,1,validation
2187,120,1,validation
2188,120,1,validation
2189,120,1,validation
2190,120,1,validation
2191,120,1,validation
2192,120,1,validation
2193,120,1,validation
2194,120,1,validation
2195,120,1,validation
2196,120,1,validation
2197,120,1,validation
2198,120,1,validation
2199,120,1,validation
2200,120,1,validation
2201,120,1,validation
2202,120,1,validation
2203,120,1,validation
2204,120,1,validation
2205,120,1,validation
2206,120,1,validation
2207,120,1,validation
2208,120,1,validation
2209,120,1,validation
2210,120,1,validation
2211,120,1,validation
2212,120,1,validation
2213,121,0,test
2214,121,0,test
2215,121,0,test
2216,121,0,test
2217,121,0,test
2218,121,0,test
2219,121,0,test
2220,121,0,test
2221,121,0,test
2222,121,0,test
2223,121,0,test
2224,121,0,test
2225,121,0,test
2226,121,0,test
2227,121,0,test
2228,121,0,test
2229,121,0,test
2230,121,0,test
2231,121,0,test
2232,122,4,train
2233,122,4,train
2234,122,4,train
2235,122,4,train
2236,122,4,train
2237,122,4,train
2238,122,4,train
2239,122,4,train
2240,122,4,train
2241,122,4,train
2242,122,4,train
2243,123,2,train
2244,123,2,train
2245,123,2,train
2246,123,2,train
2247,123,2,train
2248,123,2,train
2249,123,2,train
2250,123,2,train
2251,123,2,train
2252,123,2,train
2253,123,2,train
2254,123,2,train
2255,123,2,train
2256,123,2,train
2257,123,2,train
2258,123,2,train
2259,123,2,train
2260,123,2,train
2261,123,2,train
2262,123,2,train
2263,123,2,train
2264,123,2,train
2265,123,2,train
2266,123,2,train
2267,123,2,train
2268,124,2,train
2269,124,2,train
2270,124,2,train
2271,124,2,train
2272,124,2,train
2273,124,2,train
2274,124,2,train
2275,124,2,train
2276,124,2,train
2277,124,2,train
2278,124,2,train
2279,124,2,train
2280,124,2,train
2281,124,2,train
2282,124,2,train
2283,124,2,train
2284,124,2,train
2285,124,2,train
2286,124,2,train
2287,124,2,train
2288,124,2,train
2289,124,2,train
2290,124,2,train
2291,124,2,train
2292,124,2,train
2293,124,2,train
2294,124,2,train
2295,124,2,train
2296,124,2,train
2297,124,2,train
2298,125,2,train
2299,125,2,train
2300,125,2,train
2301,125,2,train
2302,125,2,train
2303,125,2,train
2304,125,2,train
2305,125,2,train
2306,125,2,train
2307,125,2,train
2308,125,2,train
2309,125,2,train
2310,125,2,train
2311,125,2,train
2312,125,2,train
2313,125,2,train
2314,125,2,train
2315,125,2,train
2316,125,2,train
2317,125,2,train
2318,125,2,train
2319,125,2,train
2320,125,2,train
2321,125,2,train
2322,125,2,train
2323,126,1,validation
2324,126,1,validation
2325,126,1,validation
2326,126,1,validation
2327,126,1,validation
2328,126,1,validation
2329,126,1,validation
2330,126,1,validation
2331,126,1,validation
2332,126,1,validation
2333,126,1,validation
2334,126,1,validation
2335,126,1,validation
2336,126,1,validation
2337,126,1,validation
2338,126,1,validation
2339,126,1,validation
2340,126,1,validation
2341,127,3,train
2342,127,3,train
2343,127,3,train
2344,127,3,train
2345,127,3,train
2346,127,3,train
2347,127,3,train
2348,127,3,train
2349,127,3,train
2350,127,3,train
2351,128,2,train
2352,128,2,train
2353,128,2,train
2354,128,2,train
2355,128,2,train
2356,128,2,train
2357,128,2,train
2358,128,2,train
2359,128,2,train
2360,128,2,train
2361,129,0,test
2362,129,0,test
2363,129,0,test
2364,129,0,test
2365,129,0,test
2366,129,0,test
2367,129,0,test
2368,129,0,test
2369,129,0,test
2370,129,0,test
2371,129,0,test
2372,129,0,test
2373,129,0,test
2374,130,3,train
2375,130,3,train
2376,130,3,train
2377,130,3,train
2378,130,3,train
2379,130,3,train
2380,130,3,train
2381,130,3,train
2382,130,3,train
2383,130,3,train
2384,130,3,train
2385,131,0,test
2386,131,0,test
2387,131,0,test
2388,131,0,test
2389,131,0,test
2390,131,0,test
2391,131,0,test
2392,131,0,test
2393,131,0,test
2394,131,0,test
2395,131,0,test
2396,131,0,test
2397,131,0,test
2398,131,0,test
2399,131,0,test
2400,131,0,test
2401,131,0,test
2402,131,0,test
2403,131,0,test
2404,131,0,test
2405,131,0,test
2406,131,0,test
2407,131,0,test
2408,131,0,test
2409,131,0,test
2410,131,0,test
2411,131,0,test
2412,131,0,test
2413,131,0,test
2414,131,0,test
2415,131,0,test
2416,131,0,test
2417,131,0,test
2418,131,0,test
2419,131,0,test
2420,132,1,validation
2421,132,1,validation
2422,132,1,validation
2423,132,1,validation
2424,132,1,validation
2425,132,1,validation
2426,132,1,validation
2427,132,1,validation
2428,133,1,validation
2429,133,1,validation
2430,133,1,validation
2431,133,1,validation
2432,133,1,validation
2433,133,1,validation
2434,133,1,validation
2435,133,1,validation
2436,133,1,validation
2437,133,1,validation
2438,133,1,validation
2439,133,1,validation
2440,133,1,validation
2441,133,1,validation
2442,133,1,validation
2443,133,1,validation
2444,133,1,validation
2445,133,1,validation
2446,133,1,validation
2447,133,1,validation
2448,133,1,validation
2449,133,1,validation
2450,134,2,train
2451,134,2,train
2452,134,2,train
2453,134,2,train
2454,134,2,train
2455,134,2,train
2456,134,2,train
2457,134,2,train
2458,134,2,train
2459,134,2,train
2460,134,2,train
2461,134,2,train
2462,134,2,train
2463,134,2,train
2464,134,2,train
2465,134,2,train
2466,134,2,train
2467,134,2,train
2468,134,2,train
2469,135,4,train
2470,135,4,train
2471,135,4,train
2472,135,4,train
2473,135,4,train
2474,135,4,train
2475,135,4,train
2476,135,4,train
2477,135,4,train
2478,135,4,train
2479,135,4,train
2480,135,4,train
2481,135,4,train
2482,135,4,train
2483,135,4,train
2484,135,4,train
2485,135,4,train
2486,135,4,train
2487,135,4,train
2488,136,2,train
2489,136,2,train
2490,136,2,train
2491,136,2,train
2492,136,2,train
2493,136,2,train
2494,136,2,train
2495,136,2,train
2496,136,2,train
2497,136,2,train
2498,136,2,train
2499,136,2,train
2500,136,2,train
2501,136,2,train
2502,136,2,train
2503,136,2,train
2504,136,2,train
2505,136,2,train
2506,136,2,train
2507,136,2,train
2508,136,2,train
2509,136,2,train
2510,136,2,train
2511,136,2,train
2512,136,2,train
2513,136,2,train
2514,136,2,train
2515,136,2,train
2516,136,2,train
2517,136,2,train
2518,136,2,train
2519,136,2,train
2520,136,2,train
2521,136,2,train
2522,136,2,train
2523,136,2,train
2524,136,2,train
2525,136,2,train
2526,136,2,train
2527,137,3,train
2528,137,3,train
2529,137,3,train
2530,137,3,train
2531,137,3,train
2532,137,3,train
2533,137,3,train
2534,137,3,train
2535,137,3,train
2536,137,3,train
2537,137,3,train
2538,137,3,train
2539,137,3,train
2540,137,3,train
2541,137,3,train
2542,137,3,train
2543,137,3,train
2544,137,3,train
2545,137,3,train
2546,137,3,train
2547,138,2,train
2548,138,2,train
2549,138,2,train
2550,138,2,train
2551,138,2,train
2552,138,2,train
2553,138,2,train
2554,138,2,train
2555,138,2,train
2556,138,2,train
2557,138,2,train
2558,138,2,train
2559,138,2,train
2560,139,2,train
2561,139,2,train
2562,139,2,train
2563,139,2,train
2564,139,2,train
2565,139,2,train
2566,139,2,train
2567,139,2,train
2568,139,2,train
2569,139,2,train
2570,139,2,train
2571,139,2,train
2572,139,2,train
2573,139,2,train
2574,140,3,train
2575,140,3,train
2576,140,3,train
2577,140,3,train
2578,140,3,train
2579,140,3,train
2580,140,3,train
2581,140,3,train
2582,140,3,train
2583,140,3,train
2584,140,3,train
2585,140,3,train
2586,140,3,train
2587,140,3,train
2588,140,3,train
2589,141,0,test
2590,141,0,test
2591,141,0,test
2592,141,0,test
2593,141,0,test
2594,141,0,test
2595,141,0,test
2596,141,0,test
2597,141,0,test
2598,141,0,test
2599,141,0,test
2600,141,0,test
2601,141,0,test
2602,142,2,train
2603,142,2,train
2604,142,2,train
2605,142,2,train
2606,142,2,train
2607,142,2,train
2608,142,2,train
2609,142,2,train
2610,142,2,train
2611,142,2,train
2612,142,2,train
2613,143,2,train
2614,143,2,train
2615,143,2,train
2616,143,2,train
2617,143,2,train
2618,143,2,train
2619,143,2,train
2620,143,2,train
2621,143,2,train
2622,143,2,train
2623,143,2,train
2624,143,2,train
2625,143,2,train
2626,143,2,train
2627,143,2,train
2628,143,2,train
2629,143,2,train
2630,143,2,train
2631,143,2,train
2632,143,2,train
2633,143,2,train
2634,143,2,train
2635,143,2,train
2636,143,2,train
2637,143,2,train
2638,143,2,train
2639,144,4,train
2640,144,4,train
2641,144,4,train
2642,144,4,train
2643,144,4,train
2644,144,4,train
2645,144,4,train
2646,144,4,train
2647,144,4,train
2648,144,4,train
2649,144,4,train
2650,144,4,train
2651,144,4,train
2652,144,4,train
2653,144,4,train
2654,144,4,train
2655,144,4,train
2656,144,4,train
2657,144,4,train
2658,144,4,train
2659,144,4,train
2660,144,4,train
2661,144,4,train
2662,144,4,train
2663,144,4,train
2664,144,4,train
2665,144,4,train
2666,144,4,train
2667,144,4,train
2668,144,4,train
2669,145,2,train
2670,145,2,train
2671,145,2,train
2672,145,2,train
2673,145,2,train
2674,145,2,train
2675,145,2,train
2676,145,2,train
2677,145,2,train
2678,145,2,train
2679,145,2,train
2680,145,2,train
2681,145,2,train
2682,145,2,train
2683,145,2,train
2684,145,2,train
2685,145,2,train
2686,145,2,train
2687,145,2,train
2688,145,2,train
2689,145,2,train
2690,145,2,train
2691,145,2,train
2692,145,2,train
2693,145,2,train
2694,146,2,train
2695,146,2,train
2696,146,2,train
2697,146,2,train
2698,146,2,train
2699,146,2,train
2700,146,2,train
2701,146,2,train
2702,146,2,train
2703,146,2,train
2704,146,2,train
2705,146,2,train
2706,146,2,train
2707,146,2,train
2708,146,2,train
2709,146,2,train
2710,146,2,train
2711,146,2,train
2712,146,2,train
2713,146,2,train
2714,146,2,train
2715,147,0,test
2716,147,0,test
2717,147,0,test
2718,147,0,test
2719,147,0,test
2720,147,0,test
2721,147,0,test
2722,147,0,test
2723,147,0,test
2724,147,0,test
2725,147,0,test
2726,147,0,test
2727,147,0,test
2728,147,0,test
2729,147,0,test
2730,147,0,test
2731,147,0,test
2732,147,0,test
2733,147,0,test
2734,147,0,test
2735,147,0,test
2736,147,0,test
2737,147,0,test
2738,147,0,test
2739,147,0,test
2740,147,0,test
2741,148,1,validation
2742,148,1,validation
2743,148,1,validation
2744,148,1,validation
2745,148,1,validation
2746,148,1,validation
2747,148,1,validation
2748,148,1,validation
2749,148,1,validation
2750,148,1,validation
2751,148,1,validation
2752,148,1,validation
2753,148,1,validation
2754,148,1,validation
2755,148,1,validation
2756,148,1,validation
2757,148,1,validation
2758,148,1,validation
2759,148,1,validation
2760,148,1,validation
2761,149,1,validation
2762,149,1,validation
2763,149,1,validation
2764,149,1,validation
2765,149,1,validation
2766,149,1,validation
2767,149,1,validation
2768,149,1,validation
2769,149,1,validation
2770,149,1,validation
2771,149,1,validation
2772,149,1,validation
2773,149,1,validation
2774,149,1,validation
2775,149,1,validation
2776,150,2,train
2777,150,2,train
2778,150,2,train
2779,150,2,train
2780,150,2,train
2781,150,2,train
2782,150,2,train
2783,150,2,train
2784,150,2,train
2785,150,2,train
2786,150,2,train
2787,150,2,train
2788,150,2,train
2789,150,2,train
2790,150,2,train
2791,150,2,train
2792,150,2,train
2793,150,2,train
2794,150,2,train
2795,150,2,train
2796,150,2,train
2797,150,2,train
2798,150,2,train
2799,150,2,train
2800,150,2,train
2801,150,2,train
2802,150,2,train
2803,150,2,train
2804,150,2,train
2805,150,2,train
2806,150,2,train
2807,150,2,train
2808,150,2,train
2809,150,2,train
2810,150,2,train
2811,150,2,train
2812,150,2,train
2813,150,2,train
2814,150,2,train
2815,150,2,train
2816,150,2,train
2817,150,2,train
2818,150,2,train
2819,151,3,train
2820,151,3,train
2821,151,3,train
2822,151,3,train
2823,151,3,train
2824,151,3,train
2825,151,3,train
2826,151,3,train
2827,151,3,train
2828,151,3,train
2829,152,0,test
2830,152,0,test
2831,152,0,test
2832,152,0,test
2833,152,0,test
2834,152,0,test
2835,152,0,test
2836,152,0,test
2837,152,0,test
2838,153,4,train
2839,153,4,train
2840,153,4,train
2841,153,4,train
2842,153,4,train
2843,153,4,train
2844,153,4,train
2845,153,4,train
2846,153,4,train
2847,153,4,train
2848,153,4,train
2849,153,4,train
2850,153,4,train
2851,153,4,train
2852,153,4,train
2853,153,4,train
2854,153,4,train
2855,154,3,train
2856,154,3,train
2857,154,3,train
2858,154,3,train
2859,154,3,train
2860,154,3,train
2861,154,3,train
2862,154,3,train
2863,154,3,train
2864,154,3,train
2865,154,3,train
2866,154,3,train
2867,154,3,train
2868,154,3,train
2869,154,3,train
2870,154,3,train
2871,154,3,train
2872,154,3,train
2873,154,3,train
2874,154,3,train
2875,154,3,train
2876,154,3,train
2877,155,4,train
2878,155,4,train
2879,155,4,train
2880,155,4,train
2881,155,4,train
2882,155,4,train
2883,155,4,train
2884,155,4,train
2885,155,4,train
2886,156,4,train
2887,156,4,train
2888,156,4,train
2889,156,4,train
2890,156,4,train
2891,156,4,train
2892,156,4,train
2893,156,4,train
2894,156,4,train
2895,156,4,train
2896,156,4,train
2897,156,4,train
2898,156,4,train
2899,156,4,train
2900,156,4,train
2901,156,4,train
2902,156,4,train
2903,156,4,train
2904,156,4,train
2905,156,4,train
2906,156,4,train
2907,156,4,train
2908,156,4,train
2909,156,4,train
2910,156,4,train
2911,156,4,train
2912,156,4,train
2913,156,4,train
2914,156,4,train
2915,156,4,train
2916,156,4,train
2917,156,4,train
2918,156,4,train
2919,156,4,train
2920,157,0,test
2921,157,0,test
2922,157,0,test
2923,157,0,test
2924,157,0,test
2925,157,0,test
2926,157,0,test
2927,157,0,test
2928,157,0,test
2929,157,0,test
2930,157,0,test
2931,157,0,test
2932,157,0,test
2933,157,0,test
2934,157,0,test
2935,157,0,test
2936,157,0,test
2937,158,3,train
2938,158,3,train
2939,158,3,train
2940,158,3,train
2941,158,3,train
2942,158,3,train
2943,158,3,train
2944,158,3,train
2945,158,3,train
2946,158,3,train
2947,158,3,train
2948,159,3,train
2949,159,3,train
2950,159,3,train
2951,159,3,train
2952,159,3,train
2953,159,3,train
2954,159,3,train
2955,159,3,train
2956,159,3,train
2957,159,3,train
2958,159,3,train
2959,159,3,train
2960,159,3,train
2961,159,3,train
2962,159,3,train
2963,159,3,train
2964,159,3,train
2965,159,3,train
2966,159,3,train
2967,159,3,train
2968,159,3,train
2969,159,3,train
2970,159,3,train
2971,159,3,train
2972,159,3,train
2973,159,3,train
2974,159,3,train
2975,159,3,train
2976,159,3,train
2977,159,3,train
2978,159,3,train
2979,159,3,train
2980,159,3,train
2981,159,3,train
2982,159,3,train
2983,160,1,validation
2984,160,1,validation
2985,160,1,validation
2986,160,1,validation
2987,160,1,validation
2988,160,1,validation
2989,160,1,validation
2990,160,1,validation
2991,160,1,validation
2992,160,1,validation
2993,160,1,validation
2994,160,1,validation
2995,160,1,validation
2996,160,1,validation
2997,160,1,validation
2998,160,1,validation
2999,160,1,validation
3000,160,1,validation
3001,160,1,validation
3002,160,1,validation
3003,160,1,validation
3004,160,1,validation
3005,160,1,validation
3006,160,1,validation
3007,160,1,validation
3008,160,1,validation
3009,160,1,validation
3010,160,1,validation
3011,160,1,validation
3012,160,1,validation
3013,160,1,validation
3014,160,1,validation
3015,161,0,test
3016,161,0,test
3017,161,0,test
3018,161,0,test
3019,161,0,test
3020,161,0,test
3021,161,0,test
3022,161,0,test
3023,161,0,test
3024,161,0,test
3025,161,0,test
3026,161,0,test
3027,161,0,test
3028,161,0,test
3029,161,0,test
3030,161,0,test
3031,161,0,test
3032,161,0,test
3033,161,0,test
3034,161,0,test
3035,161,0,test
3036,161,0,test
3037,161,0,test
3038,161,0,test
3039,161,0,test
3040,161,0,test
3041,161,0,test
3042,161,0,test
3043,161,0,test
3044,162,3,train
3045,162,3,train
3046,162,3,train
3047,162,3,train
3048,162,3,train
3049,162,3,train
3050,162,3,train
3051,162,3,train
3052,162,3,train
3053,162,3,train
3054,162,3,train
3055,162,3,train
3056,162,3,train
3057,162,3,train
3058,162,3,train
3059,162,3,train
3060,163,1,validation
3061,163,1,validation
3062,163,1,validation
3063,163,1,validation
3064,163,1,validation
3065,163,1,validation
3066,163,1,validation
3067,163,1,validation
3068,163,1,validation
3069,163,1,validation
3070,163,1,validation
3071,164,0,test
3072,164,0,test
3073,164,0,test
3074,164,0,test
3075,164,0,test
3076,164,0,test
3077,164,0,test
3078,164,0,test
3079,164,0,test
3080,164,0,test
3081,164,0,test
3082,164,0,test
3083,164,0,test
3084,164,0,test
3085,164,0,test
3086,164,0,test
3087,164,0,test
3088,165,1,validation
3089,165,1,validation
3090,165,1,validation
3091,165,1,validation
3092,165,1,validation
3093,165,1,validation
3094,165,1,validation
3095,165,1,validation
3096,165,1,validation
3097,165,1,validation
3098,165,1,validation
3099,165,1,validation
3100,165,1,validation
3101,166,0,test
3102,166,0,test
3103,166,0,test
3104,166,0,test
3105,166,0,test
3106,166,0,test
3107,166,0,test
3108,166,0,test
3109,166,0,test
3110,166,0,test
3111,166,0,test
3112,166,0,test
3113,166,0,test
3114,166,0,test
3115,166,0,test
3116,166,0,test
3117,166,0,test
3118,166,0,test
3119,166,0,test
3120,166,0,test
3121,166,0,test
3122,166,0,test
3123,166,0,test
3124,166,0,test
3125,166,0,test
3126,166,0,test
3127,167,0,test
3128,167,0,test
3129,167,0,test
3130,167,0,test
3131,167,0,test
3132,167,0,test
3133,167,0,test
3134,167,0,test
3135,167,0,test
3136,167,0,test
3137,167,0,test
3138,167,0,test
3139,167,0,test
3140,167,0,test
3141,167,0,test
3142,167,0,test
3143,167,0,test
3144,167,0,test
3145,167,0,test
3146,167,0,test
3147,167,0,test
3148,168,0,test
3149,168,0,test
3150,168,0,test
3151,168,0,test
3152,168,0,test
3153,168,0,test
3154,168,0,test
3155,168,0,test
3156,168,0,test
3157,168,0,test
3158,168,0,test
3159,168,0,test
3160,168,0,test
3161,168,0,test
3162,168,0,test
3163,169,3,train
3164,169,3,train
3165,169,3,train
3166,169,3,train
3167,169,3,train
3168,169,3,train
3169,169,3,train
3170,169,3,train
3171,169,3,train
3172,169,3,train
3173,169,3,train
3174,169,3,train
3175,169,3,train
3176,170,1,validation
3177,170,1,validation
3178,170,1,validation
3179,170,1,validation
3180,170,1,validation
3181,170,1,validation
3182,170,1,validation
3183,170,1,validation
3184,170,1,validation
3185,170,1,validation
3186,170,1,validation
3187,170,1,validation
3188,170,1,validation
3189,170,1,validation
3190,170,1,validation
3191,170,1,validation
3192,170,1,validation
3193,171,2,train
3194,171,2,train
3195,171,2,train
3196,171,2,train
3197,171,2,train
3198,171,2,train
3199,171,2,train
3200,171,2,train
3201,171,2,train
3202,171,2,train
3203,171,2,train
3204,171,2,train
3205,171,2,train
3206,171,2,train
3207,171,2,train
3208,171,2,train
3209,172,3,train
3210,172,3,train
3211,172,3,train
3212,172,3,train
3213,172,3,train
3214,172,3,train
3215,172,3,train
3216,172,3,train
3217,172,3,train
3218,172,3,train
3219,172,3,train
3220,172,3,train
3221,172,3,train
3222,172,3,train
3223,172,3,train
3224,173,2,train
3225,173,2,train
3226,173,2,train
3227,173,2,train
3228,173,2,train
3229,173,2,train
3230,173,2,train
3231,173,2,train
3232,173,2,train
3233,173,2,train
3234,173,2,train
3235,173,2,train
3236,173,2,train
3237,173,2,train
3238,173,2,train
3239,173,2,train
3240,173,2,train
3241,173,2,train
3242,173,2,train
3243,173,2,train
3244,173,2,train
3245,173,2,train
3246,173,2,train
3247,173,2,train
3248,173,2,train
3249,173,2,train
3250,174,1,validation
3251,174,1,validation
3252,174,1,validation
3253,174,1,validation
3254,174,1,validation
3255,174,1,validation
3256,174,1,validation
3257,174,1,validation
3258,174,1,validation
3259,174,1,validation
3260,174,1,validation
3261,175,2,train
3262,175,2,train
3263,175,2,train
3264,175,2,train
3265,175,2,train
3266,175,2,train
3267,175,2,train
3268,175,2,train
3269,175,2,train
3270,175,2,train
3271,175,2,train
3272,175,2,train
3273,175,2,train
3274,175,2,train
3275,175,2,train
3276,175,2,train
3277,175,2,train
3278,175,2,train
3279,175,2,train
3280,175,2,train
3281,175,2,train
3282,175,2,train
3283,175,2,train
3284,175,2,train
3285,176,0,test
3286,176,0,test
3287,176,0,test
3288,176,0,test
3289,176,0,test
3290,176,0,test
3291,176,0,test
3292,176,0,test
3293,176,0,test
3294,176,0,test
3295,176,0,test
3296,176,0,test
3297,176,0,test
3298,176,0,test
3299,176,0,test
3300,176,0,test
3301,176,0,test
3302,176,0,test
3303,176,0,test
3304,176,0,test
3305,176,0,test
3306,176,0,test
3307,176,0,test
3308,176,0,test
3309,176,0,test
3310,176,0,test
3311,176,0,test
3312,176,0,test
3313,176,0,test
3314,176,0,test
3315,177,1,validation
3316,177,1,validation
3317,177,1,validation
3318,177,1,validation
3319,177,1,validation
3320,177,1,validation
3321,177,1,validation
3322,177,1,validation
3323,178,1,validation
3324,178,1,validation
3325,178,1,validation
3326,178,1,validation
3327,178,1,validation
3328,178,1,validation
3329,178,1,validation
3330,178,1,validation
3331,178,1,validation
3332,178,1,validation
3333,178,1,validation
3334,178,1,validation
3335,178,1,validation
3336,178,1,validation
3337,178,1,validation
3338,178,1,validation
3339,178,1,validation
3340,178,1,validation
3341,178,1,validation
3342,179,1,validation
3343,179,1,validation
3344,179,1,validation
3345,179,1,validation
3346,179,1,validation
3347,179,1,validation
3348,179,1,validation
3349,179,1,validation
3350,179,1,validation
3351,179,1,validation
3352,179,1,validation
3353,179,1,validation
3354,179,1,validation
3355,179,1,validation
3356,179,1,validation
3357,179,1,validation
3358,179,1,validation
3359,179,1,validation
3360,179,1,validation
3361,179,1,validation
3362,179,1,validation
3363,179,1,validation
3364,179,1,validation
3365,179,1,validation
3366,179,1,validation
3367,179,1,validation
3368,179,1,validation
3369,179,1,validation
3370,179,1,validation
3371,179,1,validation
3372,179,1,validation
3373,179,1,validation
3374,179,1,validation
3375,179,1,validation
3376,179,1,validation
3377,179,1,validation
3378,179,1,validation
3379,179,1,validation
3380,179,1,validation
3381,179,1,validation
3382,179,1,validation
3383,179,1,validation
3384,179,1,validation
3385,179,1,validation
3386,179,1,validation
3387,179,1,validation
3388,179,1,validation
3389,180,4,train
3390,180,4,train
3391,180,4,train
3392,180,4,train
3393,180,4,train
3394,180,4,train
3395,180,4,train
3396,180,4,train
3397,180,4,train
3398,180,4,train
3399,180,4,train
3400,180,4,train
3401,180,4,train
3402,180,4,train
3403,180,4,train
3404,180,4,train
3405,180,4,train
3406,180,4,train
3407,180,4,train
3408,180,4,train
3409,180,4,train
3410,180,4,train
3411,180,4,train
3412,180,4,train
3413,180,4,train
3414,180,4,train
3415,180,4,train
3416,181,4,train
3417,181,4,train
3418,181,4,train
3419,181,4,train
3420,181,4,train
3421,181,4,train
3422,181,4,train
3423,181,4,train
3424,181,4,train
3425,181,4,train
3426,181,4,train
3427,181,4,train
3428,181,4,train
3429,181,4,train
3430,181,4,train
3431,181,4,train
3432,181,4,train
3433,181,4,train
3434,181,4,train
3435,181,4,train
3436,182,3,train
3437,182,3,train
3438,182,3,train
3439,182,3,train
3440,182,3,train
3441,182,3,train
3442,182,3,train
3443,182,3,train
3444,182,3,train
3445,182,3,train
3446,182,3,train
3447,182,3,train
3448,182,3,train
3449,182,3,train
3450,182,3,train
3451,183,0,test
3452,183,0,test
3453,183,0,test
3454,183,0,test
3455,183,0,test
3456,183,0,test
3457,183,0,test
3458,183,0,test
3459,183,0,test
3460,183,0,test
3461,183,0,test
3462,183,0,test
3463,183,0,test
3464,183,0,test
3465,183,0,test
3466,184,4,train
3467,184,4,train
3468,184,4,train
3469,184,4,train
3470,184,4,train
3471,184,4,train
3472,184,4,train
3473,184,4,train
3474,184,4,train
3475,184,4,train
3476,184,4,train
3477,184,4,train
3478,184,4,train
3479,185,2,train
3480,185,2,train
3481,185,2,train
3482,185,2,train
3483,185,2,train
3484,185,2,train
3485,185,2,train
3486,185,2,train
3487,185,2,train
3488,185,2,train
3489,185,2,train
3490,185,2,train
3491,186,1,validation
3492,186,1,validation
3493,186,1,validation
3494,186,1,validation
3495,186,1,validation
3496,186,1,validation
3497,186,1,validation
3498,186,1,validation
3499,186,1,validation
3500,186,1,validation
3501,186,1,validation
3502,186,1,validation
3503,186,1,validation
3504,186,1,validation
3505,186,1,validation
3506,186,1,validation
3507,187,2,train
3508,187,2,train
3509,187,2,train
3510,187,2,train
3511,187,2,train
3512,187,2,train
3513,187,2,train
3514,187,2,train
3515,187,2,train
3516,187,2,train
3517,187,2,train
3518,187,2,train
3519,187,2,train
3520,187,2,train
3521,187,2,train
3522,187,2,train
3523,187,2,train
3524,187,2,train
3525,187,2,train
3526,187,2,train
3527,187,2,train
3528,187,2,train
3529,187,2,train
3530,187,2,train
3531,188,4,train
3532,188,4,train
3533,188,4,train
3534,188,4,train
3535,188,4,train
3536,188,4,train
3537,188,4,train
3538,188,4,train
3539,188,4,train
3540,188,4,train
3541,188,4,train
3542,188,4,train
3543,188,4,train
3544,188,4,train
3545,188,4,train
3546,188,4,train
3547,188,4,train
3548,188,4,train
3549,188,4,train
3550,188,4,train
3551,188,4,train
3552,188,4,train
3553,188,4,train
3554,188,4,train
3555,188,4,train
3556,189,1,validation
3557,189,1,validation
3558,189,1,validation
3559,189,1,validation
3560,189,1,validation
3561,189,1,validation
3562,189,1,validation
3563,189,1,validation
3564,189,1,validation
3565,189,1,validation
3566,189,1,validation
3567,189,1,validation
3568,190,3,train
3569,190,3,train
3570,190,3,train
3571,190,3,train
3572,190,3,train
3573,190,3,train
3574,190,3,train
3575,190,3,train
3576,190,3,train
3577,190,3,train
3578,190,3,train
3579,190,3,train
3580,190,3,train
3581,190,3,train
3582,190,3,train
3583,190,3,train
3584,190,3,train
3585,190,3,train
3586,190,3,train
3587,190,3,train
3588,190,3,train
3589,190,3,train
3590,190,3,train
3591,190,3,train
3592,190,3,train
3593,190,3,train
3594,190,3,train
3595,190,3,train
3596,190,3,train
3597,190,3,train
3598,191,3,train
3599,191,3,train
3600,191,3,train
3601,191,3,train
3602,191,3,train
3603,191,3,train
3604,191,3,train
3605,191,3,train
3606,191,3,train
3607,191,3,train
3608,191,3,train
3609,191,3,train
3610,191,3,train
3611,191,3,train
3612,191,3,train
3613,191,3,train
3614,191,3,train
3615,191,3,train
3616,191,3,train
3617,191,3,train
3618,191,3,train
3619,191,3,train
3620,191,3,train
3621,191,3,train
3622,191,3,train
3623,191,3,train
3624,191,3,train
3625,191,3,train
3626,191,3,train
3627,191,3,train
3628,191,3,train
3629,191,3,train
3630,192,2,train
3631,192,2,train
3632,192,2,train
3633,192,2,train
3634,192,2,train
3635,192,2,train
3636,192,2,train
3637,192,2,train
3638,192,2,train
3639,192,2,train
3640,192,2,train
3641,192,2,train
3642,192,2,train
3643,192,2,train
3644,192,2,train
3645,192,2,train
3646,192,2,train
3647,192,2,train
3648,192,2,train
3649,192,2,train
3650,193,2,train
3651,193,2,train
3652,193,2,train
3653,193,2,train
3654,193,2,train
3655,193,2,train
3656,193,2,train
3657,193,2,train
3658,193,2,train
3659,193,2,train
3660,193,2,train
3661,193,2,train
3662,193,2,train
3663,193,2,train
3664,193,2,train
3665,193,2,train
3666,193,2,train
3667,193,2,train
3668,193,2,train
3669,194,0,test
3670,194,0,test
3671,194,0,test
3672,194,0,test
3673,194,0,test
3674,194,0,test
3675,194,0,test
3676,194,0,test
3677,195,2,train
3678,195,2,train
3679,195,2,train
3680,195,2,train
3681,195,2,train
3682,195,2,train
3683,195,2,train
3684,195,2,train
3685,195,2,train
3686,195,2,train
3687,195,2,train
3688,195,2,train
3689,195,2,train
3690,196,2,train
3691,196,2,train
3692,196,2,train
3693,196,2,train
3694,196,2,train
3695,196,2,train
3696,196,2,train
3697,196,2,train
3698,196,2,train
3699,196,2,train
3700,196,2,train
3701,196,2,train
3702,196,2,train
3703,196,2,train
3704,196,2,train
3705,196,2,train
3706,196,2,train
3707,197,2,train
3708,197,2,train
3709,197,2,train
3710,197,2,train
3711,197,2,train
3712,197,2,train
3713,197,2,train
3714,197,2,train
3715,197,2,train
3716,197,2,train
3717,197,2,train
3718,198,3,train
3719,198,3,train
3720,198,3,train
3721,198,3,train
3722,198,3,train
3723,198,3,train
3724,198,3,train
3725,198,3,train
3726,198,3,train
3727,198,3,train
3728,198,3,train
3729,198,3,train
3730,198,3,train
3731,198,3,train
3732,198,3,train
3733,198,3,train
3734,198,3,train
3735,198,3,train
3736,198,3,train
3737,198,3,train
3738,198,3,train
3739,198,3,train
3740,198,3,train
3741,198,3,train
3742,198,3,train
3743,198,3,train
3744,198,3,train
3745,198,3,train
3746,199,3,train
3747,199,3,train
3748,199,3,train
3749,199,3,train
3750,199,3,train
3751,199,3,train
3752,199,3,train
3753,199,3,train
3754,199,3,train
3755,199,3,train
3756,199,3,train
3757,199,3,train
3758,199,3,train
3759,200,0,test
3760,200,0,test
3761,200,0,test
3762,200,0,test
3763,200,0,test
3764,200,0,test
3765,200,0,test
3766,200,0,test
3767,200,0,test
3768,200,0,test
3769,200,0,test
3770,200,0,test
3771,201,3,train
3772,201,3,train
3773,201,3,train
3774,201,3,train
3775,201,3,train
3776,201,3,train
3777,201,3,train
3778,201,3,train
3779,201,3,train
3780,201,3,train
3781,201,3,train
3782,201,3,train
3783,201,3,train
3784,201,3,train
3785,201,3,train
3786,201,3,train
3787,201,3,train
3788,201,3,train
3789,202,1,validation
3790,202,1,validation
3791,202,1,validation
3792,202,1,validation
3793,202,1,validation
3794,202,1,validation
3795,202,1,validation
3796,202,1,validation
3797,202,1,validation
3798,202,1,validation
3799,202,1,validation
3800,202,1,validation
3801,202,1,validation
3802,202,1,validation
3803,202,1,validation
3804,202,1,validation
3805,202,1,validation
3806,202,1,validation
3807,202,1,validation
3808,202,1,validation
3809,202,1,validation
3810,202,1,validation
3811,202,1,validation
3812,202,1,validation
3813,202,1,validation
3814,202,1,validation
3815,202,1,validation
3816,202,1,validation
3817,202,1,validation
3818,202,1,validation
3819,202,1,validation
3820,203,4,train
3821,203,4,train
3822,203,4,train
3823,203,4,train
3824,203,4,train
3825,203,4,train
3826,203,4,train
3827,203,4,train
3828,203,4,train
3829,203,4,train
3830,203,4,train
3831,203,4,train
3832,203,4,train
3833,203,4,train
3834,203,4,train
3835,203,4,train
3836,203,4,train
3837,203,4,train
3838,203,4,train
3839,203,4,train
3840,203,4,train
3841,203,4,train
3842,203,4,train
3843,203,4,train
3844,204,4,train
3845,204,4,train
3846,204,4,train
3847,204,4,train
3848,204,4,train
3849,204,4,train
3850,204,4,train
3851,204,4,train
3852,205,1,validation
3853,205,1,validation
3854,205,1,validation
3855,205,1,validation
3856,205,1,validation
3857,205,1,validation
3858,205,1,validation
3859,205,1,validation
3860,206,3,train
3861,206,3,train
3862,206,3,train
3863,206,3,train
3864,206,3,train
3865,206,3,train
3866,206,3,train
3867,206,3,train
3868,206,3,train
3869,206,3,train
3870,206,3,train
3871,206,3,train
3872,206,3,train
3873,206,3,train
3874,206,3,train
3875,206,3,train
3876,206,3,train
3877,206,3,train
3878,206,3,train
3879,206,3,train
3880,206,3,train
3881,206,3,train
3882,206,3,train
3883,206,3,train
3884,206,3,train
3885,206,3,train
3886,206,3,train
3887,206,3,train
3888,206,3,train
3889,206,3,train
3890,206,3,train
3891,206,3,train
3892,206,3,train
3893,206,3,train
3894,206,3,train
3895,207,3,train
3896,207,3,train
3897,207,3,train
3898,207,3,train
3899,207,3,train
3900,207,3,train
3901,207,3,train
3902,207,3,train
3903,207,3,train
3904,207,3,train
3905,207,3,train
3906,207,3,train
3907,207,3,train
3908,207,3,train
3909,207,3,train
3910,207,3,train
3911,207,3,train
3912,207,3,train
3913,207,3,train
3914,207,3,train
3915,207,3,train
3916,208,1,validation
3917,208,1,validation
3918,208,1,validation
3919,208,1,validation
3920,208,1,validation
3921,208,1,validation
3922,208,1,validation
3923,208,1,validation
3924,208,1,validation
3925,208,1,validation
3926,208,1,validation
3927,208,1,validation
3928,208,1,validation
3929,208,1,validation
3930,208,1,validation
3931,208,1,validation
3932,208,1,validation
3933,208,1,validation
3934,208,1,validation
3935,208,1,validation
3936,208,1,validation
3937,208,1,validation
3938,209,4,train
3939,209,4,train
3940,209,4,train
3941,209,4,train
3942,209,4,train
3943,209,4,train
3944,209,4,train
3945,209,4,train
3946,209,4,train
3947,209,4,train
3948,209,4,train
3949,209,4,train
3950,210,0,test
3951,210,0,test
3952,210,0,test
3953,210,0,test
3954,210,0,test
3955,210,0,test
3956,210,0,test
3957,210,0,test
3958,210,0,test
3959,210,0,test
3960,210,0,test
3961,210,0,test
3962,210,0,test
3963,210,0,test
3964,211,4,train
3965,211,4,train
3966,211,4,train
3967,211,4,train
3968,211,4,train
3969,211,4,train
3970,211,4,train
3971,211,4,train
3972,211,4,train
3973,211,4,train
3974,211,4,train
3975,211,4,train
3976,211,4,train
3977,211,4,train
3978,211,4,train
3979,211,4,train
3980,211,4,train
3981,211,4,train
3982,211,4,train
3983,211,4,train
3984,211,4,train
3985,211,4,train
3986,211,4,train
3987,211,4,train
3988,211,4,train
3989,211,4,train
3990,211,4,train
3991,212,1,validation
3992,212,1,validation
3993,212,1,validation
3994,212,1,validation
3995,212,1,validation
3996,212,1,validation
3997,212,1,validation
3998,212,1,validation
3999,212,1,validation
4000,212,1,validation
4001,212,1,validation
4002,212,1,validation
4003,212,1,validation
4004,213,0,test
4005,213,0,test
4006,213,0,test
4007,213,0,test
4008,213,0,test
4009,213,0,test
4010,213,0,test
4011,213,0,test
4012,213,0,test
4013,213,0,test
4014,213,0,test
4015,213,0,test
4016,213,0,test
4017,213,0,test
4018,213,0,test
4019,213,0,test
4020,213,0,test
4021,213,0,test
4022,213,0,test
4023,213,0,test
4024,213,0,test
4025,213,0,test
4026,213,0,test
4027,213,0,test
4028,213,0,test
4029,213,0,test
4030,213,0,test
4031,213,0,test
4032,214,0,test
4033,214,0,test
4034,214,0,test
4035,214,0,test
4036,214,0,test
4037,214,0,test
4038,214,0,test
4039,214,0,test
4040,214,0,test
4041,214,0,test
4042,214,0,test
4043,214,0,test
4044,214,0,test
4045,214,0,test
4046,214,0,test
4047,214,0,test
4048,214,0,test
4049,214,0,test
4050,214,0,test
4051,214,0,test
4052,214,0,test
4053,214,0,test
4054,214,0,test
4055,214,0,test
4056,214,0,test
4057,214,0,test
4058,214,0,test
4059,214,0,test
4060,214,0,test
4061,215,1,validation
4062,215,1,validation
4063,215,1,validation
4064,215,1,validation
4065,215,1,validation
4066,215,1,validation
4067,215,1,validation
4068,215,1,validation
4069,215,1,validation
4070,215,1,validation
4071,215,1,validation
4072,215,1,validation
4073,215,1,validation
4074,215,1,validation
4075,215,1,validation
4076,215,1,validation
4077,215,1,validation
4078,215,1,validation
4079,215,1,validation
4080,215,1,validation
4081,215,1,validation
4082,215,1,validation
4083,215,1,validation
4084,215,1,validation
4085,215,1,validation
4086,215,1,validation
4087,215,1,validation
4088,215,1,validation
4089,215,1,validation
4090,215,1,validation
4091,216,3,train
4092,216,3,train
4093,216,3,train
4094,216,3,train
4095,216,3,train
4096,216,3,train
4097,216,3,train
4098,216,3,train
4099,216,3,train
4100,216,3,train
4101,216,3,train
4102,216,3,train
4103,216,3,train
4104,216,3,train
4105,217,0,test
4106,217,0,test
4107,217,0,test
4108,217,0,test
4109,217,0,test
4110,217,0,test
4111,217,0,test
4112,217,0,test
4113,217,0,test
4114,217,0,test
4115,217,0,test
4116,217,0,test
4117,217,0,test
4118,217,0,test
4119,217,0,test
4120,217,0,test
4121,217,0,test
4122,217,0,test
4123,217,0,test
4124,217,0,test
4125,217,0,test
4126,217,0,test
4127,217,0,test
4128,217,0,test
4129,217,0,test
4130,217,0,test
4131,217,0,test
4132,217,0,test
4133,217,0,test
4134,217,0,test
4135,217,0,test
4136,217,0,test
4137,217,0,test
4138,217,0,test
4139,217,0,test
4140,217,0,test
4141,217,0,test
4142,217,0,test
4143,217,0,test
4144,217,0,test
4145,217,0,test
4146,217,0,test
4147,217,0,test
4148,217,0,test
4149,217,0,test
4150,217,0,test
4151,218,0,test
4152,218,0,test
4153,218,0,test
4154,218,0,test
4155,218,0,test
4156,218,0,test
4157,218,0,test
4158,218,0,test
4159,218,0,test
4160,218,0,test
4161,218,0,test
4162,219,3,train
4163,219,3,train
4164,219,3,train
4165,219,3,train
4166,219,3,train
4167,219,3,train
4168,219,3,train
4169,219,3,train
4170,219,3,train
4171,219,3,train
4172,219,3,train
4173,219,3,train
4174,219,3,train
4175,219,3,train
4176,219,3,train
4177,219,3,train
4178,219,3,train
4179,219,3,train
4180,220,1,validation
4181,220,1,validation
4182,220,1,validation
4183,220,1,validation
4184,220,1,validation
4185,220,1,validation
4186,220,1,validation
4187,220,1,validation
4188,220,1,validation
4189,220,1,validation
4190,220,1,validation
4191,220,1,validation
4192,220,1,validation
4193,220,1,validation
4194,220,1,validation
4195,220,1,validation
4196,220,1,validation
4197,220,1,validation
4198,221,0,test
4199,221,0,test
4200,221,0,test
4201,221,0,test
4202,221,0,test
4203,221,0,test
4204,221,0,test
4205,221,0,test
4206,221,0,test
4207,221,0,test
4208,221,0,test
4209,221,0,test
4210,221,0,test
4211,222,2,train
4212,222,2,train
4213,222,2,train
4214,222,2,train
4215,222,2,train
4216,222,2,train
4217,222,2,train
4218,222,2,train
4219,222,2,train
4220,222,2,train
4221,222,2,train
4222,222,2,train
4223,222,2,train
4224,222,2,train
4225,222,2,train
4226,222,2,train
4227,222,2,train
4228,222,2,train
4229,223,3,train
4230,223,3,train
4231,223,3,train
4232,223,3,train
4233,223,3,train
4234,223,3,train
4235,223,3,train
4236,223,3,train
4237,223,3,train
4238,223,3,train
4239,223,3,train
4240,223,3,train
4241,223,3,train
4242,224,3,train
4243,224,3,train
4244,224,3,train
4245,224,3,train
4246,224,3,train
4247,224,3,train
4248,224,3,train
4249,224,3,train
4250,224,3,train
4251,224,3,train
4252,224,3,train
4253,224,3,train
4254,224,3,train
4255,224,3,train
4256,224,3,train
4257,224,3,train
4258,224,3,train
4259,224,3,train
4260,224,3,train
4261,224,3,train
4262,224,3,train
4263,225,4,train
4264,225,4,train
4265,225,4,train
4266,225,4,train
4267,225,4,train
4268,225,4,train
4269,225,4,train
4270,225,4,train
4271,225,4,train
4272,225,4,train
4273,225,4,train
4274,225,4,train
4275,225,4,train
4276,225,4,train
4277,226,1,validation
4278,226,1,validation
4279,226,1,validation
4280,226,1,validation
4281,226,1,validation
4282,226,1,validation
4283,226,1,validation
4284,226,1,validation
4285,226,1,validation
4286,226,1,validation
4287,226,1,validation
4288,226,1,validation
4289,226,1,validation
4290,226,1,validation
4291,226,1,validation
4292,226,1,validation
4293,226,1,validation
4294,226,1,validation
4295,226,1,validation
4296,226,1,validation
4297,226,1,validation
4298,226,1,validation
4299,226,1,validation
4300,226,1,validation
4301,226,1,validation
4302,226,1,validation
4303,226,1,validation
4304,226,1,validation
4305,226,1,validation
4306,226,1,validation
4307,226,1,validation
4308,226,1,validation
4309,226,1,validation
4310,226,1,validation
4311,226,1,validation
4312,226,1,validation
4313,226,1,validation
4314,226,1,validation
4315,226,1,validation
4316,226,1,validation
4317,227,1,validation
4318,227,1,validation
4319,227,1,validation
4320,227,1,validation
4321,227,1,validation
4322,227,1,validation
4323,227,1,validation
4324,227,1,validation
4325,227,1,validation
4326,227,1,validation
4327,227,1,validation
4328,227,1,validation
4329,227,1,validation
4330,227,1,validation
4331,227,1,validation
4332,227,1,validation
4333,227,1,validation
4334,228,2,train
4335,228,2,train
4336,228,2,train
4337,228,2,train
4338,228,2,train
4339,228,2,train
4340,228,2,train
4341,228,2,train
4342,228,2,train
4343,228,2,train
4344,228,2,train
4345,228,2,train
4346,228,2,train
4347,228,2,train
4348,228,2,train
4349,228,2,train
4350,228,2,train
4351,228,2,train
4352,228,2,train
4353,228,2,train
4354,228,2,train
4355,228,2,train
4356,228,2,train
4357,228,2,train
4358,228,2,train
4359,228,2,train
4360,228,2,train
4361,228,2,train
4362,228,2,train
4363,228,2,train
4364,228,2,train
4365,228,2,train
4366,229,1,validation
4367,229,1,validation
4368,229,1,validation
4369,229,1,validation
4370,229,1,validation
4371,229,1,validation
4372,229,1,validation
4373,229,1,validation
4374,229,1,validation
4375,230,3,train
4376,230,3,train
4377,230,3,train
4378,230,3,train
4379,230,3,train
4380,230,3,train
4381,230,3,train
4382,230,3,train
4383,230,3,train
4384,230,3,train
4385,230,3,train
4386,230,3,train
4387,230,3,train
4388,230,3,train
4389,230,3,train
4390,230,3,train
4391,230,3,train
4392,230,3,train
4393,230,3,train
4394,230,3,train
4395,230,3,train
4396,230,3,train
4397,230,3,train
4398,230,3,train
4399,230,3,train
4400,230,3,train
4401,230,3,train
4402,230,3,train
4403,230,3,train
4404,230,3,train
4405,230,3,train
4406,230,3,train
4407,230,3,train
4408,230,3,train
4409,230,3,train
4410,230,3,train
4411,230,3,train
4412,231,2,train
4413,231,2,train
4414,231,2,train
4415,231,2,train
4416,231,2,train
4417,231,2,train
4418,231,2,train
4419,231,2,train
4420,231,2,train
4421,231,2,train
4422,231,2,train
4423,231,2,train
4424,231,2,train
4425,231,2,train
4426,231,2,train
4427,231,2,train
4428,231,2,train
4429,232,1,validation
4430,232,1,validation
4431,232,1,validation
4432,232,1,validation
4433,232,1,validation
4434,232,1,validation
4435,232,1,validation
4436,232,1,validation
4437,232,1,validation
4438,232,1,validation
4439,232,1,validation
4440,232,1,validation
4441,232,1,validation
4442,232,1,validation
4443,232,1,validation
4444,232,1,validation
4445,232,1,validation
4446,232,1,validation
4447,232,1,validation
4448,232,1,validation
4449,232,1,validation
4450,232,1,validation
4451,232,1,validation
4452,232,1,validation
4453,232,1,validation
4454,232,1,validation
4455,232,1,validation
4456,232,1,validation
4457,232,1,validation
4458,232,1,validation
4459,232,1,validation
4460,232,1,validation
4461,232,1,validation
4462,232,1,validation
4463,232,1,validation
4464,232,1,validation
4465,232,1,validation
4466,232,1,validation
4467,232,1,validation
4468,232,1,validation
4469,232,1,validation
4470,232,1,validation
4471,233,1,validation
4472,233,1,validation
4473,233,1,validation
4474,233,1,validation
4475,233,1,validation
4476,233,1,validation
4477,233,1,validation
4478,233,1,validation
4479,233,1,validation
4480,233,1,validation
4481,233,1,validation
4482,233,1,validation
4483,233,1,validation
4484,233,1,validation
4485,233,1,validation
4486,234,1,validation
4487,234,1,validation
4488,234,1,validation
4489,234,1,validation
4490,234,1,validation
4491,234,1,validation
4492,234,1,validation
4493,234,1,validation
4494,234,1,validation
4495,234,1,validation
4496,235,0,test
4497,235,0,test
4498,235,0,test
4499,235,0,test
4500,235,0,test
4501,235,0,test
4502,235,0,test
4503,235,0,test
4504,235,0,test
4505,235,0,test
4506,235,0,test
4507,235,0,test
4508,235,0,test
4509,236,2,train
4510,236,2,train
4511,236,2,train
4512,236,2,train
4513,236,2,train
4514,236,2,train
4515,236,2,train
4516,236,2,train
4517,236,2,train
4518,236,2,train
4519,236,2,train
4520,236,2,train
4521,236,2,train
4522,236,2,train
4523,236,2,train
4524,236,2,train
4525,236,2,train
4526,236,2,train
4527,236,2,train
4528,236,2,train
4529,236,2,train
4530,236,2,train
4531,236,2,train
4532,236,2,train
4533,236,2,train
4534,236,2,train
4535,236,2,train
4536,236,2,train
4537,236,2,train
4538,236,2,train
4539,236,2,train
4540,236,2,train
4541,236,2,train
4542,236,2,train
4543,237,3,train
4544,237,3,train
4545,237,3,train
4546,237,3,train
4547,237,3,train
4548,237,3,train
4549,237,3,train
4550,237,3,train
4551,237,3,train
4552,237,3,train
4553,237,3,train
4554,237,3,train
4555,237,3,train
4556,237,3,train
4557,237,3,train
4558,237,3,train
4559,238,0,test
4560,238,0,test
4561,238,0,test
4562,238,0,test
4563,238,0,test
4564,238,0,test
4565,238,0,test
4566,238,0,test
4567,238,0,test
4568,238,0,test
4569,238,0,test
4570,238,0,test
4571,238,0,test
4572,238,0,test
4573,238,0,test
4574,238,0,test
4575,238,0,test
4576,238,0,test
4577,239,2,train
4578,239,2,train
4579,239,2,train
4580,239,2,train
4581,239,2,train
4582,239,2,train
4583,239,2,train
4584,240,3,train
4585,240,3,train
4586,240,3,train
4587,240,3,train
4588,240,3,train
4589,240,3,train
4590,240,3,train
4591,240,3,train
4592,240,3,train
4593,240,3,train
4594,240,3,train
4595,240,3,train
4596,240,3,train
4597,240,3,train
4598,240,3,train
4599,240,3,train
4600,240,3,train
4601,240,3,train
4602,240,3,train
4603,241,4,train
4604,241,4,train
4605,241,4,train
4606,241,4,train
4607,241,4,train
4608,241,4,train
4609,241,4,train
4610,241,4,train
4611,241,4,train
4612,241,4,train
4613,241,4,train
4614,241,4,train
4615,241,4,train
4616,241,4,train
4617,241,4,train
4618,241,4,train
4619,241,4,train
4620,241,4,train
4621,242,4,train
4622,242,4,train
4623,242,4,train
4624,242,4,train
4625,242,4,train
4626,242,4,train
4627,242,4,train
4628,242,4,train
4629,242,4,train
4630,242,4,train
4631,242,4,train
4632,242,4,train
4633,242,4,train
4634,242,4,train
4635,242,4,train
4636,242,4,train
4637,243,4,train
4638,243,4,train
4639,243,4,train
4640,243,4,train
4641,243,4,train
4642,243,4,train
4643,243,4,train
4644,243,4,train
4645,243,4,train
4646,243,4,train
4647,243,4,train
4648,243,4,train
4649,243,4,train
4650,243,4,train
4651,243,4,train
4652,243,4,train
4653,243,4,train
4654,243,4,train
4655,243,4,train
4656,243,4,train
4657,243,4,train
4658,243,4,train
4659,243,4,train
4660,243,4,train
4661,243,4,train
4662,244,1,validation
4663,244,1,validation
4664,244,1,validation
4665,244,1,validation
4666,244,1,validation
4667,244,1,validation
4668,244,1,validation
4669,244,1,validation
4670,244,1,validation
4671,244,1,validation
4672,244,1,validation
4673,244,1,validation
4674,244,1,validation
4675,244,1,validation
4676,244,1,validation
4677,244,1,validation
4678,244,1,validation
4679,244,1,validation
4680,244,1,validation
4681,244,1,validation
4682,244,1,validation
4683,244,1,validation
4684,244,1,validation
4685,244,1,validation
4686,244,1,validation
4687,244,1,validation
4688,244,1,validation
4689,244,1,validation
4690,245,2,train
4691,245,2,train
4692,245,2,train
4693,245,2,train
4694,245,2,train
4695,245,2,train
4696,245,2,train
4697,245,2,train
4698,245,2,train
4699,245,2,train
4700,245,2,train
4701,245,2,train
4702,245,2,train
4703,245,2,train
4704,245,2,train
4705,245,2,train
4706,245,2,train
4707,245,2,train
4708,245,2,train
4709,245,2,train
4710,245,2,train
4711,245,2,train
4712,245,2,train
4713,245,2,train
4714,245,2,train
4715,245,2,train
4716,245,2,train
4717,245,2,train
4718,245,2,train
4719,245,2,train
4720,245,2,train
4721,245,2,train
4722,245,2,train
4723,245,2,train
4724,245,2,train
4725,245,2,train
4726,246,0,test
4727,246,0,test
4728,246,0,test
4729,246,0,test
4730,246,0,test
4731,246,0,test
4732,246,0,test
4733,246,0,test
4734,246,0,test
4735,246,0,test
4736,246,0,test
4737,246,0,test
4738,246,0,test
4739,246,0,test
4740,246,0,test
4741,246,0,test
4742,246,0,test
4743,246,0,test
4744,246,0,test
4745,246,0,test
4746,246,0,test
4747,247,4,train
4748,247,4,train
4749,247,4,train
4750,247,4,train
4751,247,4,train
4752,247,4,train
4753,247,4,train
4754,247,4,train
4755,247,4,train
4756,247,4,train
4757,247,4,train
4758,247,4,train
4759,247,4,train
4760,247,4,train
4761,247,4,train
4762,247,4,train
4763,247,4,train
4764,247,4,train
4765,247,4,train
4766,247,4,train
4767,247,4,train
4768,247,4,train
4769,247,4,train
4770,247,4,train
4771,247,4,train
4772,247,4,train
4773,247,4,train
4774,247,4,train
4775,247,4,train
4776,247,4,train
4777,247,4,train
4778,247,4,train
4779,247,4,train
4780,247,4,train
4781,247,4,train
4782,247,4,train
4783,248,3,train
4784,248,3,train
4785,248,3,train
4786,248,3,train
4787,248,3,train
4788,248,3,train
4789,248,3,train
4790,248,3,train
4791,248,3,train
4792,248,3,train
4793,248,3,train
4794,248,3,train
4795,248,3,train
4796,248,3,train
4797,248,3,train
4798,248,3,train
4799,248,3,train
4800,248,3,train
4801,248,3,train
4802,248,3,train
4803,248,3,train
4804,248,3,train
4805,248,3,train
4806,248,3,train
4807,248,3,train
4808,248,3,train
4809,248,3,train
4810,248,3,train
4811,248,3,train
4812,248,3,train
4813,248,3,train
4814,248,3,train
4815,248,3,train
4816,249,4,train
4817,249,4,train
4818,249,4,train
4819,249,4,train
4820,249,4,train
4821,249,4,train
4822,249,4,train
4823,249,4,train
4824,249,4,train
4825,249,4,train
4826,249,4,train
4827,250,3,train
4828,250,3,train
4829,250,3,train
4830,250,3,train
4831,250,3,train
4832,250,3,train
4833,250,3,train
4834,250,3,train
4835,250,3,train
4836,250,3,train
4837,250,3,train
4838,250,3,train
4839,250,3,train
4840,250,3,train
4841,250,3,train
4842,250,3,train
4843,250,3,train
4844,250,3,train
4845,250,3,train
4846,250,3,train
4847,250,3,train
4848,250,3,train
4849,250,3,train
4850,250,3,train
4851,250,3,train
4852,250,3,train
4853,250,3,train
4854,250,3,train
4855,250,3,train
4856,250,3,train
4857,250,3,train
4858,250,3,train
4859,250,3,train
4860,250,3,train
4861,250,3,train
4862,250,3,train
4863,250,3,train
4864,250,3,train
4865,250,3,train
4866,250,3,train
4867,250,3,train
4868,250,3,train
4869,250,3,train
4870,250,3,train
4871,251,1,validation
4872,251,1,validation
4873,251,1,validation
4874,251,1,validation
4875,251,1,validation
4876,251,1,validation
4877,251,1,validation
4878,251,1,validation
4879,251,1,validation
4880,251,1,validation
4881,251,1,validation
4882,251,1,validation
4883,251,1,validation
4884,251,1,validation
4885,251,1,validation
4886,251,1,validation
4887,251,1,validation
4888,251,1,validation
4889,251,1,validation
4890,251,1,validation
4891,251,1,validation
4892,251,1,validation
4893,251,1,validation
4894,251,1,validation
4895,251,1,validation
4896,251,1,validation
4897,251,1,validation
4898,251,1,validation
4899,252,3,train
4900,252,3,train
4901,252,3,train
4902,252,3,train
4903,252,3,train
4904,252,3,train
4905,252,3,train
4906,252,3,train
4907,252,3,train
4908,252,3,train
4909,252,3,train
4910,252,3,train
4911,252,3,train
4912,253,4,train
4913,253,4,train
4914,253,4,train
4915,253,4,train
4916,253,4,train
4917,253,4,train
4918,253,4,train
4919,253,4,train
4920,253,4,train
4921,253,4,train
4922,253,4,train
4923,253,4,train
4924,253,4,train
4925,253,4,train
4926,253,4,train
4927,253,4,train
4928,253,4,train
4929,253,4,train
4930,253,4,train
4931,253,4,train
4932,253,4,train
4933,253,4,train
4934,253,4,train
4935,254,3,train
4936,254,3,train
4937,254,3,train
4938,254,3,train
4939,254,3,train
4940,254,3,train
4941,254,3,train
4942,254,3,train
4943,254,3,train
4944,254,3,train
4945,254,3,train
4946,254,3,train
4947,254,3,train
4948,254,3,train
4949,254,3,train
4950,254,3,train
4951,254,3,train
4952,254,3,train
4953,254,3,train
4954,254,3,train
4955,255,0,test
4956,255,0,test
4957,255,0,test
4958,255,0,test
4959,255,0,test
4960,255,0,test
4961,255,0,test
4962,255,0,test
4963,255,0,test
4964,255,0,test
4965,255,0,test
4966,255,0,test
4967,255,0,test
4968,255,0,test
4969,255,0,test
4970,255,0,test
4971,255,0,test
4972,255,0,test
4973,255,0,test
4974,255,0,test
4975,255,0,test
4976,255,0,test
4977,255,0,test
4978,255,0,test
4979,255,0,test
4980,255,0,test
4981,255,0,test
4982,255,0,test
4983,255,0,test
4984,256,2,train
4985,256,2,train
4986,256,2,train
4987,256,2,train
4988,256,2,train
4989,256,2,train
4990,256,2,train
4991,256,2,train
4992,256,2,train
4993,256,2,train
4994,256,2,train
4995,256,2,train
4996,256,2,train
4997,256,2,train
4998,256,2,train
4999,256,2,train
5000,256,2,train
5001,256,2,train
5002,256,2,train
5003,257,4,train
5004,257,4,train
5005,257,4,train
5006,257,4,train
5007,257,4,train
5008,257,4,train
5009,257,4,train
5010,257,4,train
5011,257,4,train
5012,257,4,train
5013,257,4,train
5014,257,4,train
5015,257,4,train
5016,257,4,train
5017,257,4,train
5018,257,4,train
5019,257,4,train
5020,257,4,train
5021,257,4,train
5022,258,1,validation
5023,258,1,validation
5024,258,1,validation
5025,258,1,validation
5026,258,1,validation
5027,258,1,validation
5028,258,1,validation
5029,258,1,validation
5030,258,1,validation
5031,258,1,validation
5032,258,1,validation
5033,258,1,validation
5034,258,1,validation
5035,258,1,validation
5036,258,1,validation
5037,258,1,validation
5038,258,1,validation
5039,259,3,train
5040,259,3,train
5041,259,3,train
5042,259,3,train
5043,259,3,train
5044,259,3,train
5045,259,3,train
5046,259,3,train
5047,259,3,train
5048,259,3,train
5049,259,3,train
5050,259,3,train
5051,259,3,train
5052,259,3,train
5053,259,3,train
5054,259,3,train
5055,259,3,train
5056,259,3,train
5057,259,3,train
5058,259,3,train
5059,259,3,train
5060,259,3,train
5061,259,3,train
5062,259,3,train
5063,259,3,train
5064,259,3,train
5065,260,0,test
5066,260,0,test
5067,260,0,test
5068,260,0,test
5069,260,0,test
5070,260,0,test
5071,260,0,test
5072,260,0,test
5073,260,0,test
5074,260,0,test
5075,260,0,test
5076,260,0,test
5077,260,0,test
5078,260,0,test
5079,260,0,test
5080,260,0,test
5081,260,0,test
5082,260,0,test
5083,260,0,test
5084,260,0,test
5085,260,0,test
5086,261,0,test
5087,261,0,test
5088,261,0,test
5089,261,0,test
5090,261,0,test
5091,261,0,test
5092,261,0,test
5093,261,0,test
5094,261,0,test
5095,261,0,test
5096,261,0,test
5097,261,0,test
5098,261,0,test
5099,261,0,test
5100,262,4,train
5101,262,4,train
5102,262,4,train
5103,262,4,train
5104,262,4,train
5105,262,4,train
5106,262,4,train
5107,262,4,train
5108,262,4,train
5109,262,4,train
5110,262,4,train
5111,262,4,train
5112,262,4,train
5113,262,4,train
5114,262,4,train
5115,262,4,train
5116,262,4,train
5117,262,4,train
5118,262,4,train
5119,262,4,train
5120,262,4,train
5121,262,4,train
5122,262,4,train
5123,262,4,train
5124,262,4,train
5125,262,4,train
5126,262,4,train
5127,262,4,train
5128,262,4,train
5129,263,0,test
5130,263,0,test
5131,263,0,test
5132,263,0,test
5133,263,0,test
5134,263,0,test
5135,263,0,test
5136,263,0,test
5137,263,0,test
5138,263,0,test
5139,263,0,test
5140,263,0,test
5141,263,0,test
5142,263,0,test
5143,263,0,test
5144,263,0,test
5145,263,0,test
5146,263,0,test
5147,263,0,test
5148,263,0,test
5149,263,0,test
5150,263,0,test
5151,263,0,test
5152,263,0,test
5153,263,0,test
5154,263,0,test
5155,263,0,test
5156,263,0,test
5157,263,0,test
5158,263,0,test
5159,263,0,test
5160,263,0,test
5161,263,0,test
5162,263,0,test
5163,263,0,test
5164,263,0,test
5165,263,0,test
5166,263,0,test
5167,263,0,test
5168,263,0,test
5169,263,0,test
5170,263,0,test
5171,263,0,test
5172,263,0,test
5173,263,0,test
5174,264,4,train
5175,264,4,train
5176,264,4,train
5177,264,4,train
5178,264,4,train
5179,264,4,train
5180,264,4,train
5181,264,4,train
5182,264,4,train
5183,264,4,train
5184,264,4,train
5185,264,4,train
5186,264,4,train
5187,264,4,train
5188,264,4,train
5189,264,4,train
5190,264,4,train
5191,264,4,train
5192,264,4,train
5193,264,4,train
5194,264,4,train
5195,264,4,train
5196,265,3,train
5197,265,3,train
5198,265,3,train
5199,265,3,train
5200,265,3,train
5201,265,3,train
5202,265,3,train
5203,265,3,train
5204,265,3,train
5205,265,3,train
5206,265,3,train
5207,265,3,train
5208,265,3,train
5209,265,3,train
5210,265,3,train
5211,265,3,train
5212,265,3,train
5213,265,3,train
5214,266,2,train
5215,266,2,train
5216,266,2,train
5217,266,2,train
5218,266,2,train
5219,266,2,train
5220,266,2,train
5221,266,2,train
5222,266,2,train
5223,266,2,train
5224,266,2,train
5225,266,2,train
5226,266,2,train
5227,266,2,train
5228,266,2,train
5229,266,2,train
5230,266,2,train
5231,266,2,train
5232,267,3,train
5233,267,3,train
5234,267,3,train
5235,267,3,train
5236,267,3,train
5237,267,3,train
5238,267,3,train
5239,267,3,train
5240,267,3,train
5241,267,3,train
5242,267,3,train
5243,267,3,train
5244,267,3,train
5245,267,3,train
5246,267,3,train
5247,267,3,train
5248,267,3,train
5249,267,3,train
5250,267,3,train
5251,267,3,train
5252,267,3,train
5253,267,3,train
5254,267,3,train
5255,268,1,validation
5256,268,1,validation
5257,268,1,validation
5258,268,1,validation
5259,268,1,validation
5260,268,1,validation
5261,268,1,validation
5262,268,1,validation
5263,268,1,validation
5264,268,1,validation
5265,268,1,validation
5266,268,1,validation
5267,268,1,validation
5268,268,1,validation
5269,268,1,validation
5270,269,0,test
5271,269,0,test
5272,269,0,test
5273,269,0,test
5274,269,0,test
5275,269,0,test
5276,269,0,test
5277,269,0,test
5278,269,0,test
5279,269,0,test
5280,269,0,test
5281,269,0,test
5282,269,0,test
5283,269,0,test
5284,269,0,test
5285,269,0,test
5286,269,0,test
5287,269,0,test
5288,269,0,test
5289,269,0,test
5290,269,0,test
5291,269,0,test
5292,270,0,test
5293,270,0,test
5294,270,0,test
5295,270,0,test
5296,270,0,test
5297,270,0,test
5298,270,0,test
5299,270,0,test
5300,270,0,test
5301,270,0,test
5302,270,0,test
5303,270,0,test
5304,270,0,test
5305,270,0,test
5306,270,0,test
5307,270,0,test
5308,270,0,test
5309,270,0,test
5310,271,3,train
5311,271,3,train
5312,271,3,train
5313,271,3,train
5314,271,3,train
5315,271,3,train
5316,271,3,train
5317,271,3,train
5318,271,3,train
5319,271,3,train
5320,271,3,train
5321,271,3,train
5322,271,3,train
5323,271,3,train
5324,271,3,train
5325,271,3,train
5326,271,3,train
5327,272,0,test
5328,272,0,test
5329,272,0,test
5330,272,0,test
5331,272,0,test
5332,272,0,test
5333,272,0,test
5334,272,0,test
5335,272,0,test
5336,272,0,test
5337,272,0,test
5338,272,0,test
5339,272,0,test
5340,272,0,test
5341,272,0,test
5342,273,1,validation
5343,273,1,validation
5344,273,1,validation
5345,273,1,validation
5346,273,1,validation
5347,273,1,validation
5348,273,1,validation
5349,273,1,validation
5350,273,1,validation
5351,273,1,validation
5352,273,1,validation
5353,274,1,validation
5354,274,1,validation
5355,274,1,validation
5356,274,1,validation
5357,274,1,validation
5358,274,1,validation
5359,274,1,validation
5360,274,1,validation
5361,275,0,test
5362,275,0,test
5363,275,0,test
5364,275,0,test
5365,275,0,test
5366,275,0,test
5367,275,0,test
5368,275,0,test
5369,275,0,test
5370,275,0,test
5371,275,0,test
5372,275,0,test
5373,275,0,test
5374,275,0,test
5375,275,0,test
5376,275,0,test
5377,275,0,test
5378,275,0,test
5379,275,0,test
5380,275,0,test
5381,275,0,test
5382,275,0,test
5383,275,0,test
5384,275,0,test
5385,275,0,test
5386,275,0,test
5387,275,0,test
5388,275,0,test
5389,275,0,test
5390,275,0,test
5391,275,0,test
5392,275,0,test
5393,275,0,test
5394,275,0,test
5395,276,3,train
5396,276,3,train
5397,276,3,train
5398,276,3,train
5399,276,3,train
5400,276,3,train
5401,276,3,train
5402,276,3,train
5403,276,3,train
5404,276,3,train
5405,276,3,train
5406,276,3,train
5407,276,3,train
5408,277,4,train
5409,277,4,train
5410,277,4,train
5411,277,4,train
5412,277,4,train
5413,277,4,train
5414,277,4,train
5415,277,4,train
5416,277,4,train
5417,277,4,train
5418,277,4,train
5419,277,4,train
5420,277,4,train
5421,277,4,train
5422,277,4,train
5423,277,4,train
5424,277,4,train
5425,277,4,train
5426,277,4,train
5427,277,4,train
5428,277,4,train
5429,277,4,train
5430,277,4,train
5431,277,4,train
5432,277,4,train
5433,277,4,train
5434,277,4,train
5435,277,4,train
5436,277,4,train
5437,277,4,train
5438,277,4,train
5439,277,4,train
5440,278,2,train
5441,278,2,train
5442,278,2,train
5443,278,2,train
5444,278,2,train
5445,278,2,train
5446,278,2,train
5447,278,2,train
5448,278,2,train
5449,278,2,train
5450,278,2,train
5451,278,2,train
5452,278,2,train
5453,278,2,train
5454,278,2,train
5455,278,2,train
5456,278,2,train
5457,278,2,train
5458,278,2,train
5459,278,2,train
5460,278,2,train
5461,278,2,train
5462,278,2,train
5463,278,2,train
5464,278,2,train
5465,278,2,train
5466,278,2,train
5467,278,2,train
5468,278,2,train
5469,278,2,train
5470,278,2,train
5471,278,2,train
5472,278,2,train
5473,278,2,train
5474,278,2,train
5475,278,2,train
5476,278,2,train
5477,279,2,train
5478,279,2,train
5479,279,2,train
5480,279,2,train
5481,279,2,train
5482,279,2,train
5483,279,2,train
5484,279,2,train
5485,279,2,train
5486,279,2,train
5487,279,2,train
5488,279,2,train
5489,279,2,train
5490,279,2,train
5491,279,2,train
5492,279,2,train
5493,279,2,train
5494,280,3,train
5495,280,3,train
5496,280,3,train
5497,280,3,train
5498,280,3,train
5499,280,3,train
5500,280,3,train
5501,280,3,train
5502,281,2,train
5503,281,2,train
5504,281,2,train
5505,281,2,train
5506,281,2,train
5507,281,2,train
5508,281,2,train
5509,281,2,train
5510,281,2,train
5511,281,2,train
5512,281,2,train
5513,281,2,train
5514,281,2,train
5515,281,2,train
5516,281,2,train
5517,281,2,train
5518,282,1,validation
5519,282,1,validation
5520,282,1,validation
5521,282,1,validation
5522,282,1,validation
5523,282,1,validation
5524,282,1,validation
5525,282,1,validation
5526,282,1,validation
5527,282,1,validation
5528,282,1,validation
5529,282,1,validation
5530,282,1,validation
5531,282,1,validation
5532,282,1,validation
5533,282,1,validation
5534,282,1,validation
5535,282,1,validation
5536,282,1,validation
5537,282,1,validation
5538,282,1,validation
5539,282,1,validation
5540,283,2,train
5541,283,2,train
5542,283,2,train
5543,283,2,train
5544,283,2,train
5545,283,2,train
5546,283,2,train
5547,283,2,train
5548,283,2,train
5549,283,2,train
5550,283,2,train
5551,283,2,train
5552,283,2,train
5553,283,2,train
5554,283,2,train
5555,283,2,train
5556,283,2,train
5557,283,2,train
5558,283,2,train
5559,283,2,train
5560,283,2,train
5561,283,2,train
5562,283,2,train
5563,284,1,validation
5564,284,1,validation
5565,284,1,validation
5566,284,1,validation
5567,284,1,validation
5568,284,1,validation
5569,284,1,validation
5570,284,1,validation
5571,284,1,validation
5572,284,1,validation
5573,284,1,validation
5574,284,1,validation
5575,284,1,validation
5576,284,1,validation
5577,284,1,validation
5578,284,1,validation
5579,284,1,validation
5580,285,3,train
5581,285,3,train
5582,285,3,train
5583,285,3,train
5584,285,3,train
5585,285,3,train
5586,285,3,train
5587,285,3,train
5588,285,3,train
5589,285,3,train
5590,285,3,train
5591,285,3,train
5592,285,3,train
5593,285,3,train
5594,286,4,train
5595,286,4,train
5596,286,4,train
5597,286,4,train
5598,286,4,train
5599,286,4,train
5600,286,4,train
5601,286,4,train
5602,286,4,train
5603,286,4,train
5604,287,4,train
5605,287,4,train
5606,287,4,train
5607,287,4,train
5608,287,4,train
5609,287,4,train
5610,287,4,train
5611,287,4,train
5612,287,4,train
5613,287,4,train
5614,287,4,train
5615,288,1,validation
5616,288,1,validation
5617,288,1,validation
5618,288,1,validation
5619,288,1,validation
5620,288,1,validation
5621,288,1,validation
5622,288,1,validation
5623,288,1,validation
5624,288,1,validation
5625,288,1,validation
5626,288,1,validation
5627,288,1,validation
5628,288,1,validation
5629,288,1,validation
5630,288,1,validation
5631,288,1,validation
5632,288,1,validation
5633,288,1,validation
5634,288,1,validation
5635,288,1,validation
5636,288,1,validation
5637,288,1,validation
5638,288,1,validation
5639,288,1,validation
5640,288,1,validation
5641,288,1,validation
5642,288,1,validation
5643,288,1,validation
5644,288,1,validation
5645,289,1,validation
5646,289,1,validation
5647,289,1,validation
5648,289,1,validation
5649,289,1,validation
5650,289,1,validation
5651,289,1,validation
5652,289,1,validation
5653,289,1,validation
5654,289,1,validation
5655,289,1,validation
5656,289,1,validation
5657,289,1,validation
5658,289,1,validation
5659,289,1,validation
5660,289,1,validation
5661,289,1,validation
5662,289,1,validation
5663,289,1,validation
5664,289,1,validation
5665,290,3,train
5666,290,3,train
5667,290,3,train
5668,290,3,train
5669,290,3,train
5670,290,3,train
5671,290,3,train
5672,290,3,train
5673,290,3,train
5674,290,3,train
5675,290,3,train
5676,290,3,train
5677,290,3,train
5678,290,3,train
5679,290,3,train
5680,290,3,train
5681,290,3,train
5682,290,3,train
5683,290,3,train
5684,290,3,train
5685,290,3,train
5686,290,3,train
5687,290,3,train
5688,291,4,train
5689,291,4,train
5690,291,4,train
5691,291,4,train
5692,291,4,train
5693,291,4,train
5694,291,4,train
5695,291,4,train
5696,291,4,train
5697,291,4,train
5698,291,4,train
5699,291,4,train
5700,291,4,train
5701,291,4,train
5702,291,4,train
5703,291,4,train
5704,291,4,train
5705,291,4,train
5706,291,4,train
5707,291,4,train
5708,291,4,train
5709,291,4,train
5710,291,4,train
5711,291,4,train
5712,291,4,train
5713,291,4,train
5714,291,4,train
5715,291,4,train
5716,291,4,train
5717,291,4,train
5718,291,4,train
5719,291,4,train
5720,291,4,train
5721,291,4,train
5722,291,4,train
5723,291,4,train
5724,291,4,train
5725,291,4,train
5726,291,4,train
5727,291,4,train
5728,291,4,train
5729,291,4,train
5730,291,4,train
5731,292,0,test
5732,292,0,test
5733,292,0,test
5734,292,0,test
5735,292,0,test
5736,292,0,test
5737,292,0,test
5738,292,0,test
5739,292,0,test
5740,292,0,test
5741,292,0,test
5742,292,0,test
5743,292,0,test
5744,292,0,test
5745,293,4,train
5746,293,4,train
5747,293,4,train
5748,293,4,train
5749,293,4,train
5750,293,4,train
5751,293,4,train
5752,293,4,train
5753,293,4,train
5754,293,4,train
5755,293,4,train
5756,293,4,train
5757,293,4,train
5758,293,4,train
5759,293,4,train
5760,293,4,train
5761,293,4,train
5762,293,4,train
5763,293,4,train
5764,293,4,train
5765,294,4,train
5766,294,4,train
5767,294,4,train
5768,294,4,train
5769,294,4,train
5770,294,4,train
5771,294,4,train
5772,294,4,train
5773,294,4,train
5774,294,4,train
5775,294,4,train
5776,294,4,train
5777,294,4,train
5778,294,4,train
5779,295,1,validation
5780,295,1,validation
5781,295,1,validation
5782,295,1,validation
5783,295,1,validation
5784,295,1,validation
5785,295,1,validation
5786,295,1,validation
5787,295,1,validation
5788,295,1,validation
5789,295,1,validation
5790,295,1,validation
5791,295,1,validation
5792,295,1,validation
5793,296,1,validation
5794,296,1,validation
5795,296,1,validation
5796,296,1,validation
5797,296,1,validation
5798,296,1,validation
5799,296,1,validation
5800,296,1,validation
5801,296,1,validation
5802,296,1,validation
5803,296,1,validation
5804,296,1,validation
5805,296,1,validation
5806,296,1,validation
5807,296,1,validation
5808,296,1,validation
5809,296,1,validation
5810,296,1,validation
5811,296,1,validation
5812,296,1,validation
5813,296,1,validation
5814,296,1,validation
5815,296,1,validation
5816,297,3,train
5817,297,3,train
5818,297,3,train
5819,297,3,train
5820,297,3,train
5821,297,3,train
5822,297,3,train
5823,297,3,train
5824,297,3,train
5825,297,3,train
5826,297,3,train
5827,297,3,train
5828,297,3,train
5829,297,3,train
5830,297,3,train
5831,297,3,train
5832,297,3,train
5833,297,3,train
5834,297,3,train
5835,297,3,train
5836,297,3,train
5837,297,3,train
5838,297,3,train
5839,297,3,train
5840,297,3,train
5841,297,3,train
5842,297,3,train
5843,297,3,train
5844,297,3,train
5845,297,3,train
